"2016-07-05 01:43:51","#lalinMGL 01:43 InfoMudik Magelang-Yogya terpantau sepi lancar @ganjarpranowo https://t.co/vaCBfyvUSD via @hubkominfojtg","new"
"2016-07-05 02:10:12","Tol Cipali ke arah Pejagan, Yogyakarta masih terpantau padat macet hingga saat ini, sedangkan ke arah Brebes, Puwokerto lancar.","new"
"2016-07-05 02:16:03","RT @kabarMGL: #lalinMGL 01:43 InfoMudik Magelang-Yogya terpantau sepi lancar @ganjarpranowo https://t.co/vaCBfyvUSD via @hubkominfojtg","retweet"
"2016-07-05 02:27:14","Macet Brebes Mencair Berimbas ke Kartasura: Jika arus padat dari arah Jogjakarta, akan dialihkan di Simpang i... https://t.co/2jG6SMp1Cy","new"
"2016-07-05 02:27:15","Macet Brebes Mencair Berimbas ke Kartasura: Jika arus padat dari arah Jogjakarta, akan dialihkan di Simpang i... https://t.co/4fyOOmYBqy","retweet"
"2016-07-05 02:32:50","@lewatmana @angkut_bogor jkt brebes -jkt nagrek macet parah,bumiayu yogya lancar habissss.....","new"
"2016-07-05 02:37:22","RT @infojogjakarta: Macet Brebes Mencair Berimbas ke Kartasura: Jika arus padat dari arah Jogjakarta, akan dialihkan di Simpang i... https:…","retweet"
"2016-07-05 02:51:17","@RadioElshinta @infomudikllaj 21.30 dari Yogya, 02.45 masuk tol Jombang. Lalin ramai lancar kec 80 kmj. extra hati2 dgn Bis AKAP yg ngebut","new"
"2016-07-05 03:50:42","pkl 1:30 berangkat bekasi timur, 3:40 kena macet di limbangan jalur selatan. tujuan yogya. ada info jalur yg lancar ?  @lewatmana","new"
"2016-07-05 04:05:04","RT @JogjaUpdate: #jogja | 22.10 ada yang diduga bunuh diri di jembatan timur tugu, ambulan dan pihak berwajib sudah di tkp, lalin macet","retweet"
"2016-07-05 05:44:03","RT @tribunjogja: 14.26 WIB kondisi lalin simpang Demakijo terpantau lancar | via @ATCS_DIY https://t.co/zjECuBIz1H","retweet"
"2016-07-05 06:32:58","Pemudik yg akan ke Purwokerto dan Jogja bisa melalui jalur selatan via nagrek, arus lalin lebih lancar. #InfoMudik","new"
"2016-07-05 06:34:33","#CelotehJKT : Pemudik yg akan ke Purwokerto dan Jogja bisa melalui jalur selatan via nagrek, arus lalin lebih lancar. #InfoMudik","retweet"
"2016-07-05 06:36:57","RT @RadioElshinta: Pemudik yg akan ke Purwokerto dan Jogja bisa melalui jalur selatan via nagrek, arus lalin lebih lancar. #InfoMudik","retweet"
"2016-07-05 06:39:45","#Lalin Pemudik yg akan ke Purwokerto dan Jogja bisa melalui jalur selatan via nagrek, arus lalin lebih lancar. #InfoMudik","retweet"
"2016-07-05 06:40:32","06.39 WIB kondisi lalu lintas di simpang 3 Bandara terpantau lancar dari semua arah. Tetap paruhi rambu dan marka. https://t.co/zdoYSRxXFK","new"
"2016-07-05 06:41:27","ATCS_DIY : 06.39 WIB kondisi lalu lintas di simpang 3 Bandara terpantau lancar dari semua … https://t.co/t41vJwnfnN) https://t.co/tFURO4QrPw","retweet"
"2016-07-05 06:41:52","06.41 WIB kondisi lalu lintas di simpang maguwo terpantau lancar dari semua arah https://t.co/Jm9DqByYxK","new"
"2016-07-05 06:43:27","06.42 WIB  lalu lintas di jalan Solo-Yogya (sekitar simpang babarsari) terpantau lengang dari dan ke semua arah https://t.co/kCCYoB4hVs","new"
"2016-07-05 06:44:34","06.44 WIB kondisi lalu lintas di sekitar simpang UIN terpantau lancar dari semua arah https://t.co/lRVMCwl6IR","new"
"2016-07-05 06:46:16","06.46 WIB kondisi lalu lintas di simpang demangan terpantau lancar dari dan ke semua arah https://t.co/RPF5QbpQ55","new"
"2016-07-05 06:47:26","06.46 WIB kondisi lalu lintas di simpang galeria terpantau lancar https://t.co/yl01IEsFIZ","new"
"2016-07-05 06:47:53","06.46 WIB kondisi lalu lintas di simpang demangan terpantau lancar dari dan ke semua arah https://t.co/CdK5bWB2jI l @ATCS_DIY","retweet"
"2016-07-05 06:48:44","06.48 WIB kondisi lalu lintas di sekitar simpang patran terpantau lancar dari semua arah https://t.co/DA82bmmwbH","new"
"2016-07-05 06:49:56","06.49 WIB kondisi lalu lintas di simpaang ketandan terpantau lancar dari semua arah https://t.co/1X85BCbqK4","new"
"2016-07-05 06:51:07","RT @ATCS_DIY: 06.42 WIB  lalu lintas di jalan Solo-Yogya (sekitar simpang babarsari) terpantau lengang dari dan ke semua arah https://t.co/…","retweet"
"2016-07-05 06:51:41","06.51 WIB kondisi lalu lintas di simpang prambanan terpantau lancar dari semua arah https://t.co/cTtmGirseo","new"
"2016-07-05 06:52:06","RT @ATCS_DIY: 06.44 WIB kondisi lalu lintas di sekitar simpang UIN terpantau lancar dari semua arah https://t.co/lRVMCwl6IR","retweet"
"2016-07-05 06:52:25","RT @ATCS_DIY: 06.46 WIB kondisi lalu lintas di simpang demangan terpantau lancar dari dan ke semua arah https://t.co/RPF5QbpQ55","retweet"
"2016-07-05 06:52:44","RT @ATCS_DIY: 06.46 WIB kondisi lalu lintas di simpang galeria terpantau lancar https://t.co/yl01IEsFIZ","retweet"
"2016-07-05 06:53:05","RT @ATCS_DIY: 06.48 WIB kondisi lalu lintas di sekitar simpang patran terpantau lancar dari semua arah https://t.co/DA82bmmwbH","retweet"
"2016-07-05 06:53:28","RT @ATCS_DIY: 06.49 WIB kondisi lalu lintas di simpaang ketandan terpantau lancar dari semua arah https://t.co/1X85BCbqK4","retweet"
"2016-07-05 06:53:36","06.52 WIB kondisi lalu lintas di simpang UPN Seturan terpantau lancar dari semua arah https://t.co/Kg0R0BiaaS","new"
"2016-07-05 06:55:01","RT @ATCS_DIY: 06.51 WIB kondisi lalu lintas di simpang prambanan terpantau lancar dari semua arah https://t.co/cTtmGirseo","retweet"
"2016-07-05 06:55:09","RT @ATCS_DIY: 06.52 WIB kondisi lalu lintas di simpang UPN Seturan terpantau lancar dari semua arah https://t.co/Kg0R0BiaaS","retweet"
"2016-07-05 06:55:41","06.55 WIB kondisi lalu lintas di simpang condong catur terpantau lancar dari semua arah https://t.co/ADlWEED8vl","new"
"2016-07-05 06:56:59","06.56 WIB kondisi lalu lintas di simpang kentungan terpantau lancar dari semua arah https://t.co/W7UKLcld03","new"
"2016-07-05 06:59:11","06.58 WIB kondisi lalu lintas di jalan malioboro terpantau lancar https://t.co/IglyvlLzei","new"
"2016-07-05 07:00:40","RT @ATCS_DIY: 06.56 WIB kondisi lalu lintas di simpang kentungan terpantau lancar dari semua arah https://t.co/W7UKLcld03","retweet"
"2016-07-05 07:00:50","RT @ATCS_DIY: 06.58 WIB kondisi lalu lintas di jalan malioboro terpantau lancar https://t.co/IglyvlLzei","retweet"
"2016-07-05 07:01:00","ATCS_DIY : 06.41 WIB kondisi lalu lintas di simpang maguwo terpantau lancar dari semua ara… https://t.co/HKKTXFyyUy) https://t.co/fWOmrr4VUH","retweet"
"2016-07-05 07:01:07","ATCS_DIY : 06.42 WIB  lalu lintas di jalan Solo-Yogya (sekitar simpang babarsari) terpanta… https://t.co/8UHotGA1Yv) https://t.co/K1whbRFWUq","retweet"
"2016-07-05 07:01:15","ATCS_DIY : 06.44 WIB kondisi lalu lintas di sekitar simpang UIN terpantau lancar dari semu… https://t.co/D1lxAVGJk0) https://t.co/0KJQPKmugf","retweet"
"2016-07-05 07:01:22","ATCS_DIY : 06.46 WIB kondisi lalu lintas di simpang demangan terpantau lancar dari dan ke … https://t.co/gIyiJZg5KN) https://t.co/WpnBGmmzs9","retweet"
"2016-07-05 07:01:30","ATCS_DIY : 06.46 WIB kondisi lalu lintas di simpang galeria terpantau lancar … https://t.co/Ba9J9ggry9) https://t.co/ocjW75Ls1J","retweet"
"2016-07-05 07:01:38","ATCS_DIY : 06.48 WIB kondisi lalu lintas di sekitar simpang patran terpantau lancar dari s… https://t.co/pG4RjWJ6gx) https://t.co/tzFe7YsU4Y","retweet"
"2016-07-05 07:01:45","ATCS_DIY : 06.49 WIB kondisi lalu lintas di simpaang ketandan terpantau lancar dari semua … https://t.co/0toi8ccAsO) https://t.co/2egqDc9YXw","retweet"
"2016-07-05 07:01:49","07.01 WIB kondisi lalu lintas di sekitar simpang KM.0 terpantau lancar dari semua arah https://t.co/aje4tOgJ7B","new"
"2016-07-05 07:01:53","ATCS_DIY : 06.51 WIB kondisi lalu lintas di simpang prambanan terpantau lancar dari semua … https://t.co/y4OsUv4RVS) https://t.co/wloEZVd7fL","retweet"
"2016-07-05 07:02:01","ATCS_DIY : 06.52 WIB kondisi lalu lintas di simpang UPN Seturan terpantau lancar dari semu… https://t.co/EaCgxDccAz) https://t.co/SLlC3jiyau","retweet"
"2016-07-05 07:02:09","ATCS_DIY : 06.55 WIB kondisi lalu lintas di simpang condong catur terpantau lancar dari se… https://t.co/DKyXcWFUFx) https://t.co/BFP4NgH3Ve","retweet"
"2016-07-05 07:02:18","ATCS_DIY : 06.56 WIB kondisi lalu lintas di simpang kentungan terpantau lancar dari semua … https://t.co/lzlnDQLgF3) https://t.co/WnucuwCbL5","retweet"
"2016-07-05 07:02:25","ATCS_DIY : 06.58 WIB kondisi lalu lintas di jalan malioboro terpantau lancar … https://t.co/JCVsX5QqdF) https://t.co/huaZzLGMuk","retweet"
"2016-07-05 07:02:56","07.02 WIB kondisi lalu lintas di simpang janti terpantau lancar dari semua arah https://t.co/rGxDQ30UIF","new"
"2016-07-05 07:04:06","07.03 WIB kondisi lalu lintas di simpang badran terpantau lancar https://t.co/EryZUQnU4y","new"
"2016-07-05 07:05:58","07.05 WIB kondisi lalu lintas di simpang gondomanan terpantau lancar dari semua arah https://t.co/3Nkib4cVhD","new"
"2016-07-05 07:10:44","RT @ATCS_DIY: 07.05 WIB kondisi lalu lintas di simpang gondomanan terpantau lancar dari semua arah https://t.co/3Nkib4cVhD","retweet"
"2016-07-05 07:11:03","RT @Jogja_Sun: 06.46 WIB kondisi lalu lintas di simpang demangan terpantau lancar dari dan ke semua arah https://t.co/CdK5bWB2jI l @ATCS_DIY","retweet"
"2016-07-05 07:13:00","RT @ATCS_DIY: 07.01 WIB kondisi lalu lintas di sekitar simpang KM.0 terpantau lancar dari semua arah https://t.co/aje4tOgJ7B","retweet"
"2016-07-05 07:17:20","07.10 WIb Arus lalu lintas simpang 4 Tugu pagi ini terpantau lancar dari segala penjuru, cuaca cerah.","new"
"2016-07-05 07:19:56","07.19: RT  @adeIlfauzan: Buat yg msh trjbk macet Pejagan arah Pwkto/Jogja, sebaiknya putar arah exit Tol Ciperna trus lwt Ciamis lancar.","retweet"
"2016-07-05 07:20:28","ATCS_DIY : 07.01 WIB kondisi lalu lintas di sekitar simpang KM.0 terpantau lancar dari sem… https://t.co/VT8WiWVbQY) https://t.co/15LjzpVXnh","retweet"
"2016-07-05 07:20:28","RT @RadioElshinta: 07.19: RT  @adeIlfauzan: Buat yg msh trjbk macet Pejagan arah Pwkto/Jogja, sebaiknya putar arah exit Tol Ciperna trus lw…","retweet"
"2016-07-05 07:20:34","ATCS_DIY : 07.02 WIB kondisi lalu lintas di simpang janti terpantau lancar dari semua arah… https://t.co/fi5v2gPwfK) https://t.co/SrPdeXfeoa","retweet"
"2016-07-05 07:20:38","ATCS_DIY : 07.03 WIB kondisi lalu lintas di simpang badran terpantau lancar … https://t.co/4KOs8CKbHG) https://t.co/BlwZNGQM87","retweet"
"2016-07-05 07:20:42","ATCS_DIY : 07.05 WIB kondisi lalu lintas di simpang gondomanan terpantau lancar dari semua… https://t.co/n9bdXXoJLB) https://t.co/V8ndeW16Bn","retweet"
"2016-07-05 07:22:35","RT @RTMC_Jogja: 07.10 WIb Arus lalu lintas simpang 4 Tugu pagi ini terpantau lancar dari segala penjuru, cuaca cerah.","retweet"
"2016-07-05 07:30:36","#CelotehJKT : 07.19: RT  adeIlfauzan: Buat yg msh trjbk macet Pejagan arah Pwkto/Jogja, sebaiknya putar arah exit Tol Ciperna trus lwt Ciam…","retweet"
"2016-07-05 07:35:52","RT @ATCS_DIY: 07.03 WIB kondisi lalu lintas di simpang badran terpantau lancar https://t.co/EryZUQnU4y","retweet"
"2016-07-05 07:35:56","RT @ATCS_DIY: 07.02 WIB kondisi lalu lintas di simpang janti terpantau lancar dari semua arah https://t.co/rGxDQ30UIF","retweet"
"2016-07-05 07:36:27","RT @ATCS_DIY: 06.55 WIB kondisi lalu lintas di simpang condong catur terpantau lancar dari semua arah https://t.co/ADlWEED8vl","retweet"
"2016-07-05 07:36:44","RT @ATCS_DIY: 06.39 WIB kondisi lalu lintas di simpang 3 Bandara terpantau lancar dari semua arah. Tetap paruhi rambu dan marka. https://t.…","retweet"
"2016-07-05 07:36:51","RT @ATCS_DIY: 06.41 WIB kondisi lalu lintas di simpang maguwo terpantau lancar dari semua arah https://t.co/Jm9DqByYxK","retweet"
"2016-07-05 07:37:08","#Lalin 07.19: RT  adeIlfauzan: Buat yg msh trjbk macet Pejagan arah Pwkto/Jogja, sebaiknya putar arah exit Tol Ciperna trus lwt Ciamis lanc…","retweet"
"2016-07-05 08:05:30","@ElisaSetyawati Utk hindari macet Brexit, Pemudik arah Jateng Selatan/Yogya bs lewat Cipali out Kertajati-Majalengka-Ciamis-Banjar-Jateng.","new"
"2016-07-05 08:24:56","Jl KHA Dahlan arah Km 0 Jogja Lalin Lancar @RadioElshinta @peta_mudik @ATCS_DIY @mudikkompas @MudikTvone @SCTV_ https://t.co/fVawnvqMR5","new"
"2016-07-05 08:27:14","RT @fauzan_ramon89: Jl KHA Dahlan arah Km 0 Jogja Lalin Lancar @RadioElshinta @peta_mudik @ATCS_DIY @mudikkompas @MudikTvone @SCTV_ https:/…","retweet"
"2016-07-05 08:29:59","Jl KHA Dahlan arah Wirobrajan Jogja Lalin Lancar @RadioElshinta @ATCS_DIY @SindotrijayaFM @peta_mudik @SCTV_ https://t.co/ppYW5grIB8","new"
"2016-07-05 08:30:54","Jl KHA Dahlan arah km 0 jogja lalin lancar @SindotrijayaFM @ATCS_DIY @lalinjogja @SCTV_ @mudikkompas @MudikTvone https://t.co/IfPPqVloH2","retweet"
"2016-07-05 08:37:57","@RadioElshinta dirlantas polda jabar Konbes Suhardi  himbau sebaiknya pemudik ke jogja gunakan jalur selatan karena via pantura sangat macet","new"
"2016-07-05 08:38:11","08.38: RT @fauzan_ramon89: Jl KHA Dahlan arah KM 0 Jogja lalin lancar. https://t.co/DyjcjOJRvP","retweet"
"2016-07-05 08:46:23","Jl HosCokroaminoto arah bantul lalin lancar @peta_mudik @RadioElshinta @SindotrijayaFM @SCTV_ @ATCS_DIY @lalinjogja https://t.co/gze2EEnyZU","new"
"2016-07-05 08:48:44","#CelotehJKT : 08.38: RT fauzan_ramon89: Jl KHA Dahlan arah KM 0 Jogja lalin lancar. https://t.co/M2vEfG7q2K","retweet"
"2016-07-05 08:51:15","Jl Hos Cokro arah malioboro lalin lancar @peta_mudik @RadioElshinta @SindotrijayaFM @SCTV_ @ATCS_DIY @lalinjogja https://t.co/0HOdXEexI3","new"
"2016-07-05 08:53:14","#Lalin 08.38: RT fauzan_ramon89: Jl KHA Dahlan arah KM 0 Jogja lalin lancar. https://t.co/1XTgTPqMTy","retweet"
"2016-07-05 08:54:29","Jl Hos Cokro arah magelang lalin lancar @peta_mudik @RadioElshinta @SindotrijayaFM @SCTV_ @ATCS_DIY @MudikTvone https://t.co/1WH2UYdxdd","new"
"2016-07-05 08:55:27","08.55: RT @fauzan_ramon89: Lalin di Jl Wates Jogja lalin lancar. #InfoMudik https://t.co/AmsC0ytU2H","new"
"2016-07-05 08:57:33","RadioElshinta : 08.38: RT fauzan_ramon89: Jl KHA Dahlan arah KM 0 Jogja lalin lancar. … https://t.co/ehjPbLKAbT) https://t.co/QtJ9MxYPxv","retweet"
"2016-07-05 08:58:20","RadioElshinta : 08.55: RT fauzan_ramon89: Lalin di Jl Wates Jogja lalin lancar. #InfoMudik… https://t.co/HTcILuXzJT) https://t.co/O87MuzKnBO","retweet"
"2016-07-05 08:59:34","RT @RadioElshinta: 08.55: RT @fauzan_ramon89: Lalin di Jl Wates Jogja lalin lancar. #InfoMudik https://t.co/AmsC0ytU2H","retweet"
"2016-07-05 09:02:54","(via : @fauzan_ramon89) Jl Hos Cokro arah malioboro lalin lancar  //twitter.com/fauzan_ramon89/status/750144983517188097/photo/1","retweet"
"2016-07-05 09:03:43","09.03: RT @fauzan_ramon89: Arus lalin di Jl KyaiMojo, Jogja lancar. #InfoMudik https://t.co/qPJZaiWZcK","new"
"2016-07-05 09:07:50","#CelotehJKT : 08.55: RT fauzan_ramon89: Lalin di Jl Wates Jogja lalin lancar. #InfoMudik https://t.co/orz6bunCrb","retweet"
"2016-07-05 09:07:55","#CelotehJKT : 09.03: RT fauzan_ramon89: Arus lalin di Jl KyaiMojo, Jogja lancar. #InfoMudik https://t.co/K1fFX9Ni3u","retweet"
"2016-07-05 09:08:41","RT @lalinjogja: (via : @fauzan_ramon89) Jl Hos Cokro arah malioboro lalin lancar  //twitter.com/fauzan_ramon89/status/750144983517188097/ph…","retweet"
"2016-07-05 09:11:45","Jl Godean lalin lancar @peta_mudik @RadioElshinta @SindotrijayaFM @SCTV_ @ATCS_DIY @MudikTvone @mudikkompas https://t.co/zJAwUWV9v0","new"
"2016-07-05 09:12:10","#Lalin 08.55: RT fauzan_ramon89: Lalin di Jl Wates Jogja lalin lancar. #InfoMudik https://t.co/YQqzW7wIEo","retweet"
"2016-07-05 09:12:16","#Lalin 09.03: RT fauzan_ramon89: Arus lalin di Jl KyaiMojo, Jogja lancar. #InfoMudik https://t.co/jQeP4Vpdcj","retweet"
"2016-07-05 09:13:14","lewatmane : RadioElshinta : 08.55: RT fauzan_ramon89: Lalin di Jl Wates Jogja lalin lancar… https://t.co/CRzEJc404b) https://t.co/MaFuKDEGoF","retweet"
"2016-07-05 09:14:23","RadioElshinta : 09.03: RT fauzan_ramon89: Arus lalin di Jl KyaiMojo, Jogja lancar. #InfoMu… https://t.co/QKYgDID6Ab) https://t.co/6BJJ7uN5nq","retweet"
"2016-07-05 09:20:55","Sp kronggahan arteri utara barat jogja lalulintas terpantau lancar @infojogja @infojogjakarta #InfoMudik https://t.co/hPt62YV4ti","new"
"2016-07-05 09:23:05","Smpang Jombor AUB Jogja lalulintas terpantau lancar @infojogja @infojogjakarta @INFOJOGJACOM #InfoMudik https://t.co/L8MQ4urpIx","new"
"2016-07-05 09:39:00","#lalin 09:20 | @humasbalai5: Sp Kronggahan arteri utara barat Jogja lalu lintas terpantau lancar   #InfoMudik  https://t.co/eKlN5cLrcz","retweet"
"2016-07-05 09:39:33","09.39 WIB kondisi lalu lintas di simpang demak ijo terpantau lancar dari semua arah, tetap patuhi aturan lalu lintas https://t.co/cjDmu1oKvm","new"
"2016-07-05 09:41:02","#lalin 09:23 | @humasbalai5: Simpang Jombor AUB Jogja lalulintas terpantau lancar   #InfoMudik  https://t.co/B9mO1gaflT","retweet"
"2016-07-05 09:41:52","09.41 WIB kondisi lalu lintas di simpang jujur terpantau lancar dari semua arah https://t.co/MmGCRjOfEQ","new"
"2016-07-05 09:41:58","RT @infojogja: #lalin 09:23 | @humasbalai5: Simpang Jombor AUB Jogja lalulintas terpantau lancar   #InfoMudik  https://t.co/B9mO1gaflT","retweet"
"2016-07-05 09:43:12","09.42 WIB kondisi lalu lintas di sekitar simpang ngasem terpantau lancar dari semua arah https://t.co/2qJiZoFk6N","new"
"2016-07-05 09:43:59","09.44 WIB kondisi lalu lintas di sekitar simpang bantulan terpantau ramai lancar https://t.co/SdZhmv59km","new"
"2016-07-05 09:44:54","RT @ATCS_DIY: 09.39 WIB kondisi lalu lintas di simpang demak ijo terpantau lancar dari semua arah, tetap patuhi aturan lalu lintas https://…","retweet"
"2016-07-05 09:45:12","09.45 WIB kondisi lalu lintas di sekitar simpang pogung terpantau lancar dari semua arah https://t.co/SLow10Cc8z","new"
"2016-07-05 09:45:13","RT @ATCS_DIY: 09.41 WIB kondisi lalu lintas di simpang jujur terpantau lancar dari semua arah https://t.co/MmGCRjOfEQ","retweet"
"2016-07-05 09:45:24","RT @ATCS_DIY: 09.42 WIB kondisi lalu lintas di sekitar simpang ngasem terpantau lancar dari semua arah https://t.co/2qJiZoFk6N","retweet"
"2016-07-05 09:45:28","RT @ATCS_DIY: 09.44 WIB kondisi lalu lintas di sekitar simpang bantulan terpantau ramai lancar https://t.co/SdZhmv59km","retweet"
"2016-07-05 09:45:44","RT @ATCS_DIY: 09.45 WIB kondisi lalu lintas di sekitar simpang pogung terpantau lancar dari semua arah https://t.co/SLow10Cc8z","retweet"
"2016-07-05 09:46:58","09.47 WIB kondisi lalu lintas di sekitar simpang MM UGM terpantau lancar dari semua arah https://t.co/WF9SejxKvq","new"
"2016-07-05 09:47:08","RT @ATCS_DIY: 09.47 WIB kondisi lalu lintas di sekitar simpang MM UGM terpantau lancar dari semua arah https://t.co/WF9SejxKvq","retweet"
"2016-07-05 09:51:59","09.52 WIB kondisi lalu lintas di sekitar bundaran kleringan terpantau ramai lancar https://t.co/CXCRQli445","new"
"2016-07-05 09:53:12","09.52 WIB kondisi lalu lintas id sekitar simpang tugu terpantau ramai lancar dari semua arah https://t.co/XsSPN0g5d1","new"
"2016-07-05 09:53:37","RT @infojogja: #lalin 09:20 | @humasbalai5: Sp Kronggahan arteri utara barat Jogja lalu lintas terpantau lancar   #InfoMudik  https://t.co/…","retweet"
"2016-07-05 09:53:42","ATCS_DIY : 09.39 WIB kondisi lalu lintas di simpang demak ijo terpantau lancar dari semua … https://t.co/mDkcpQEgr0) https://t.co/7Fq8qZiayC","retweet"
"2016-07-05 09:53:45","ATCS_DIY : 09.41 WIB kondisi lalu lintas di simpang jujur terpantau lancar dari semua arah… https://t.co/fBD7UNYKwt) https://t.co/JQWW2qEnun","retweet"
"2016-07-05 09:53:47","ATCS_DIY : 09.42 WIB kondisi lalu lintas di sekitar simpang ngasem terpantau lancar dari s… https://t.co/Xv99tIULoX) https://t.co/IQIXWDm9hh","retweet"
"2016-07-05 09:53:50","ATCS_DIY : 09.44 WIB kondisi lalu lintas di sekitar simpang bantulan terpantau ramai lanca… https://t.co/Wtaz888XbE) https://t.co/wQVHPampMM","retweet"
"2016-07-05 09:53:53","ATCS_DIY : 09.45 WIB kondisi lalu lintas di sekitar simpang pogung terpantau lancar dari s… https://t.co/dRo2BSSJZW) https://t.co/msaTftCg5z","retweet"
"2016-07-05 09:53:56","ATCS_DIY : 09.47 WIB kondisi lalu lintas di sekitar simpang MM UGM terpantau lancar dari s… https://t.co/YnrS8wtvYn) https://t.co/DaRPTXzTia","retweet"
"2016-07-05 09:53:59","ATCS_DIY : 09.52 WIB kondisi lalu lintas di sekitar bundaran kleringan terpantau ramai lan… https://t.co/Nrf7rWfFEv) https://t.co/ga832zmdsf","retweet"
"2016-07-05 09:54:02","ATCS_DIY : 09.52 WIB kondisi lalu lintas id sekitar simpang tugu terpantau ramai lancar da… https://t.co/Zber7O9fKS) https://t.co/jemeelCLaC","retweet"
"2016-07-05 09:54:56","09.54 WIB kondisi lalu lintas di simpang kotagede/karangturi terpantau lancar dari semua arah https://t.co/hvDNF2V7Kl","new"
"2016-07-05 09:56:29","09.56 WIB kondisi lalu lintas di simpang BLOK O terpantau lancar dari semua arah https://t.co/FpZLjPvD6i","new"
"2016-07-05 09:57:25","RT @ATCS_DIY: 09.52 WIB kondisi lalu lintas di sekitar bundaran kleringan terpantau ramai lancar https://t.co/CXCRQli445","retweet"
"2016-07-05 09:57:39","09.57 WIB kondisi lalu lintas di simpang giwangan terpantau lancar dari semua arah https://t.co/NUpBN3aD7T","new"
"2016-07-05 09:57:46","RT @ATCS_DIY: 09.52 WIB kondisi lalu lintas id sekitar simpang tugu terpantau ramai lancar dari semua arah https://t.co/XsSPN0g5d1","retweet"
"2016-07-05 09:58:23","RT @ATCS_DIY: 09.54 WIB kondisi lalu lintas di simpang kotagede/karangturi terpantau lancar dari semua arah https://t.co/hvDNF2V7Kl","retweet"
"2016-07-05 09:58:31","RT @ATCS_DIY: 09.56 WIB kondisi lalu lintas di simpang BLOK O terpantau lancar dari semua arah https://t.co/FpZLjPvD6i","retweet"
"2016-07-05 09:58:37","RT @ATCS_DIY: 09.57 WIB kondisi lalu lintas di simpang giwangan terpantau lancar dari semua arah https://t.co/NUpBN3aD7T","retweet"
"2016-07-05 09:58:44","09.58 WIB kondisi lalu lintas di simpang giwangan terpantau ramai lancar dari semua arah https://t.co/CZogRrdAUS","new"
"2016-07-05 09:59:25","RT @ATCS_DIY: 09.58 WIB kondisi lalu lintas di simpang giwangan terpantau ramai lancar dari semua arah https://t.co/CZogRrdAUS","retweet"
"2016-07-05 10:00:27","10.00 WIB kondisi lalu lintas di simpang druwo terpantau lancar dari semua arah https://t.co/egRQ1tKd6O","new"
"2016-07-05 10:00:33","RT @ATCS_DIY: 10.00 WIB kondisi lalu lintas di simpang druwo terpantau lancar dari semua arah https://t.co/egRQ1tKd6O","retweet"
"2016-07-05 10:01:17","10.01 WIB kondisi lalu lintas di simpang dongkelan terpantau lancar https://t.co/I3rWSRvJ8o","new"
"2016-07-05 10:01:22","RT @ATCS_DIY: 10.01 WIB kondisi lalu lintas di simpang dongkelan terpantau lancar https://t.co/I3rWSRvJ8o","retweet"
"2016-07-05 10:02:52","10.03 WIB kondisi lalu lintas di simpang tempel terpantau arus kendaraan normal, lalu lintas lancar https://t.co/L6q9Nzr3Xt","new"
"2016-07-05 10:05:27","10.05 WIB kondisi lalu lintas di simpang kids fun terpantau ramai lancar dari semua arah https://t.co/UY6Th2C0rZ","new"
"2016-07-05 10:05:53","RT @ATCS_DIY: 10.05 WIB kondisi lalu lintas di simpang kids fun terpantau ramai lancar dari semua arah https://t.co/UY6Th2C0rZ","retweet"
"2016-07-05 10:06:13","RT @ATCS_DIY: 10.03 WIB kondisi lalu lintas di simpang tempel terpantau arus kendaraan normal, lalu lintas lancar https://t.co/L6q9Nzr3Xt","retweet"
"2016-07-05 10:06:49","Jl Kyai Mojo Per4an Pingit lalin Lancar @peta_mudik @RadioElshinta @SindotrijayaFM @SCTV_ @MudikTvone @ATCS_DIY https://t.co/elxUIjJg5o","new"
"2016-07-05 10:09:52","Jl magelang lalin lancar @peta_mudik @RadioElshinta @SindotrijayaFM @ATCS_DIY @MudikTvone @mudikkompas @SCTV_ https://t.co/9xrW8Yfcy4","new"
"2016-07-05 10:12:23","ATCS_DIY : 09.54 WIB kondisi lalu lintas di simpang kotagede/karangturi terpantau lancar d… https://t.co/z3D19lUaSC) https://t.co/h3naBlZJg6","retweet"
"2016-07-05 10:12:26","ATCS_DIY : 09.56 WIB kondisi lalu lintas di simpang BLOK O terpantau lancar dari semua ara… https://t.co/E9ypJA342j) https://t.co/AEFimIJeS7","retweet"
"2016-07-05 10:12:28","ATCS_DIY : 09.57 WIB kondisi lalu lintas di simpang giwangan terpantau lancar dari semua a… https://t.co/2Grwg6rBSs) https://t.co/HNQ94uwamK","retweet"
"2016-07-05 10:12:31","ATCS_DIY : 09.58 WIB kondisi lalu lintas di simpang giwangan terpantau ramai lancar dari s… https://t.co/sF5oqXJdFa) https://t.co/EJ80i4smwC","retweet"
"2016-07-05 10:12:33","ATCS_DIY : 10.00 WIB kondisi lalu lintas di simpang druwo terpantau lancar dari semua arah… https://t.co/XKXSglq043) https://t.co/C69W1Kmwwk","retweet"
"2016-07-05 10:12:36","ATCS_DIY : 10.01 WIB kondisi lalu lintas di simpang dongkelan terpantau lancar … https://t.co/KaiAtjqJsY) https://t.co/NgkSSNe9wf","retweet"
"2016-07-05 10:12:38","ATCS_DIY : 10.03 WIB kondisi lalu lintas di simpang tempel terpantau arus kendaraan normal… https://t.co/wtapfC2yxU) https://t.co/aFKowDMb4d","retweet"
"2016-07-05 10:12:41","ATCS_DIY : 10.05 WIB kondisi lalu lintas di simpang kids fun terpantau ramai lancar dari s… https://t.co/F95zMMcnXx) https://t.co/yuw4PdMJCz","retweet"
"2016-07-05 10:13:07","10.12: RT @fauzan_ramon89: Jl Kyai Mojo, Jogja per4an Pingit lalin lancar. #InfoMudik https://t.co/prqGMfEIda","retweet"
"2016-07-05 10:13:22","Jl Wolter Monginsidi arah ugm lalin lancar @peta_mudik @RadioElshinta @SindotrijayaFM @ATCS_DIY @MudikTvone @SCTV_ https://t.co/3PR7tczqs7","new"
"2016-07-05 10:15:39","10.15: RT @fauzan_ramon89: Jl Magelang-Jogja lalin lancar. #InfoMudik https://t.co/vlvhr53R7L","retweet"
"2016-07-05 10:16:09","REALTIME NEWS: H-1 Lebaran Stasiun Lempuyangan Terpantau Padat https://t.co/MS8QmmeuA7 • sumber @tribunjogja","new"
"2016-07-05 10:16:13","RT @RadioElshinta: 10.12: RT @fauzan_ramon89: Jl Kyai Mojo, Jogja per4an Pingit lalin lancar. #InfoMudik https://t.co/prqGMfEIda","retweet"
"2016-07-05 10:17:24","RT @RadioElshinta: 10.15: RT @fauzan_ramon89: Jl Magelang-Jogja lalin lancar. #InfoMudik https://t.co/vlvhr53R7L","retweet"
"2016-07-05 10:21:14","10.21: RT @fauzan_ramon89: Jl Wolter Monginsidi arah UGM, Jogja lalin lancar. #InfoMudik https://t.co/TsEenXq0Os","new"
"2016-07-05 10:21:38","10.21: RT @fauzan_ramon89: Jl Wolter Monginsidi arah UGM, Jogja lalin lancar. #InfoMudikpic.twitter.com/TsEen... https://t.co/JKAEBAVQsA","retweet"
"2016-07-05 10:23:15","RT @fauzan_ramon89: Jl KHA Dahlan arah km 0 jogja lalin lancar @SindotrijayaFM @ATCS_DIY @lalinjogja @SCTV_ @mudikkompas @MudikTvone https:…","retweet"
"2016-07-05 10:23:20","RT @fauzan_ramon89: Jl Wates Jogja lalin lancar @peta_mudik @RadioElshinta @SindotrijayaFM @ATCS_DIY @MudikTvone @SCTV_ @mudikkompas https:…","retweet"
"2016-07-05 10:23:43","#CelotehJKT : 10.12: RT fauzan_ramon89: Jl Kyai Mojo, Jogja per4an Pingit lalin lancar. #InfoMudik https://t.co/OGspkT2DsP","retweet"
"2016-07-05 10:23:46","#CelotehJKT : 10.15: RT fauzan_ramon89: Jl Magelang-Jogja lalin lancar. #InfoMudik https://t.co/cmxHRPApaO","retweet"
"2016-07-05 10:23:49","#CelotehJKT : 10.21: RT fauzan_ramon89: Jl Wolter Monginsidi arah UGM, Jogja lalin lancar. #InfoMudik https://t.co/piTtTfe2hN","retweet"
"2016-07-05 10:25:52","Bagi wisatawan yang ingin ke Malioboro hindari dari arah tugu karna ada sistem buka tutup, lebih baik dari arah kotabaru @infojogja","new"
"2016-07-05 10:26:13","RT @endangsudrajats: @RadioElshinta kapolda jabar irjenpol bambang waskito himbau mudik ke jogja purwokerto lintas selatan lebih nyaman htt…","new"
"2016-07-05 10:28:54","#Lalin 10.12: RT fauzan_ramon89: Jl Kyai Mojo, Jogja per4an Pingit lalin lancar. #InfoMudik https://t.co/3nPU1SqxHS","retweet"
"2016-07-05 10:29:00","#Lalin 10.15: RT fauzan_ramon89: Jl Magelang-Jogja lalin lancar. #InfoMudik https://t.co/OMKWh3UdmP","retweet"
"2016-07-05 10:29:06","#Lalin 10.21: RT fauzan_ramon89: Jl Wolter Monginsidi arah UGM, Jogja lalin lancar. #InfoMudik https://t.co/DnoomuO27p","retweet"
"2016-07-05 10:29:11","#Lalin Kapolda Jabar, Irjen Pol Bambang Waskito himbau pemudik ke Jogja-Pwkt, jalur lintas selatan lebih nyaman. (… https://t.co/X6QWJ9fGWI","retweet"
"2016-07-05 10:29:54","RT @CelotehSMG: #Lalin Kapolda Jabar, Irjen Pol Bambang Waskito himbau pemudik ke Jogja-Pwkt, jalur lintas selatan lebih nyaman. (… https:/…","retweet"
"2016-07-05 10:30:30","#lalin 10:26 | @hotelbluesafir: Bagi wisatawan yg ingin ke Malioboro hindari dr arah Tugu krn ada sistem buka-tutup, lbh baik dr Kotabaru","new"
"2016-07-05 10:31:24","RadioElshinta : 10.12: RT fauzan_ramon89: Jl Kyai Mojo, Jogja per4an Pingit lalin lancar. … https://t.co/1sTD0hgWP8) https://t.co/vzjatdM1BZ","retweet"
"2016-07-05 10:31:32","RT @rttmchubdat: Terminal Yogyakarta ( Yogyakarta ) LAST UPDATE : 05 Jul 16 10:28:29 WIB       ARUS : Lancar CUACA : Cerah #RTTMC2016 https…","new"
"2016-07-05 10:31:48","Yogya - semarang lancar jaya tanpa macet #mudiklebaran","new"
"2016-07-05 10:34:42","RT @infojogja: #lalin 10:26 | @hotelbluesafir: Bagi wisatawan yg ingin ke Malioboro hindari dr arah Tugu krn ada sistem buka-tutup, lbh bai…","retweet"
"2016-07-05 10:38:56","Jl Jend Sudirman Arah tugu lalin lancar @peta_mudik @RadioElshinta @SindotrijayaFM @ATCS_DIY @MudikTvone @SCTV_ https://t.co/U3acSdUG59","new"
"2016-07-05 10:41:02","10.40: RT @fauzan_ramon89: Jl Jend Sudirman, Jogja arah Tugu lalin lancar. #InfoMudik https://t.co/P0EE6Lk2UI","retweet"
"2016-07-05 10:41:11","RT @RadioElshinta: 10.40: RT @fauzan_ramon89: Jl Jend Sudirman, Jogja arah Tugu lalin lancar. #InfoMudik https://t.co/P0EE6Lk2UI","retweet"
"2016-07-05 10:42:24","#CelotehJKT : 10.40: RT fauzan_ramon89: Jl Jend Sudirman, Jogja arah Tugu lalin lancar. #InfoMudik https://t.co/nEnLdMSqrE","retweet"
"2016-07-05 10:47:15","Per3an pingit  lalin padat @RadioElshinta @peta_mudik @SindotrijayaFM @ATCS_DIY @SCTV_ @MudikTvone @mudikkompas https://t.co/urw2fOUsaZ","new"
"2016-07-05 10:47:45","#Lalin 10.40: RT fauzan_ramon89: Jl Jend Sudirman, Jogja arah Tugu lalin lancar. #InfoMudik https://t.co/H3KeVYZyCa","retweet"
"2016-07-05 10:51:28","RadioElshinta : 10.40: RT fauzan_ramon89: Jl Jend Sudirman, Jogja arah Tugu lalin lancar. … https://t.co/JzrKyUQQZT) https://t.co/cVTrbeIrQA","retweet"
"2016-07-05 11:05:52","#Lalin 11.01: RT fauzan_ramon89: Per3an Jatikencana, Jogja lalin lancar. #InfoMudik https://t.co/UPzR7CRiYd","new"
"2016-07-05 11:25:08","#Lalin 11.06: RT endangsudrajats: Pemudik yg ke Purwokerto-Jogja sebaiknya lewat Jalur Selatan Nagrek, lebih nyaman dan banyak rest area gr…","new"
"2016-07-05 11:32:11","11:30 #lalinMGL dari arah jogja di TL depan artos padat.","new"
"2016-07-05 11:38:52","10.03 WIB kondisi lalu lintas di simpang Tempel terpantau arus kendaraan normal, lalu lintas lancar via @ATCS_DIY  https://t.co/L3wyLazr06","retweet"
"2016-07-05 11:45:27","RT @kabarMGL: 11:30 #lalinMGL dari arah jogja di TL depan artos padat.","retweet"
"2016-07-05 12:01:23","RT @IniTempel: 10.03 WIB kondisi lalu lintas di simpang Tempel terpantau arus kendaraan normal, lalu lintas lancar via @ATCS_DIY  https://t…","retweet"
"2016-07-05 12:33:30","@RadioElshinta kondisi lalin simpang tiga klaten kota dari arah jogja ramai lancar #lalinklaten https://t.co/OrrG1Fcf46","new"
"2016-07-05 12:35:24","12.35: RT @hariwirawiri: Kondisi lalin Simpang Tiga Klaten Kota dari arah Jogja ramai lancar. #InfoMudik https://t.co/5JHKEmUmnZ","new"
"2016-07-05 12:35:38","RT @RadioElshinta: 12.35: RT @hariwirawiri: Kondisi lalin Simpang Tiga Klaten Kota dari arah Jogja ramai lancar. #InfoMudik https://t.co/5J…","retweet"
"2016-07-05 12:38:06","#Lalin 12.35: RT hariwirawiri: Kondisi lalin Simpang Tiga Klaten Kota dari arah Jogja ramai lancar. #InfoMudik https://t.co/9vZexfZoWb","retweet"
"2016-07-05 12:41:29","RT @CelotehSMG: #Lalin 12.35: RT hariwirawiri: Kondisi lalin Simpang Tiga Klaten Kota dari arah Jogja ramai lancar. #InfoMudik https://t.co…","retweet"
"2016-07-05 12:50:36","#CelotehJKT : 12.35: RT hariwirawiri: Kondisi lalin Simpang Tiga Klaten Kota dari arah Jogja ramai lancar. #InfoMu… https://t.co/QAnSUNPCEV","retweet"
"2016-07-05 13:13:45","#Lalin 12.57: RT wheeliemlau: Kebumen arah Yogyakarta lancar aman damai.","new"
"2016-07-05 13:22:07","RT @fauzan_ramon89: Jl KHA Dahlan arah Wirobrajan Jogja Lalin Lancar @RadioElshinta @ATCS_DIY @SindotrijayaFM @peta_mudik @SCTV_ https://t.…","retweet"
"2016-07-05 13:22:10","RT @fauzan_ramon89: Per4an Wirobrajan ke Purworejo lalin lancar @peta_mudik @RadioElshinta @SindotrijayaFM @SCTV_ @ATCS_DIY @lalinjogja htt…","new"
"2016-07-05 13:22:17","RT @fauzan_ramon89: Jl HosCokroaminoto arah bantul lalin lancar @peta_mudik @RadioElshinta @SindotrijayaFM @SCTV_ @ATCS_DIY @lalinjogja htt…","retweet"
"2016-07-05 13:22:22","RT @fauzan_ramon89: Jl Hos Cokro arah malioboro lalin lancar @peta_mudik @RadioElshinta @SindotrijayaFM @SCTV_ @ATCS_DIY @lalinjogja https:…","retweet"
"2016-07-05 13:22:28","RT @fauzan_ramon89: Jl Hos Cokro arah magelang lalin lancar @peta_mudik @RadioElshinta @SindotrijayaFM @SCTV_ @ATCS_DIY @MudikTvone https:/…","retweet"
"2016-07-05 13:22:31","RT @fauzan_ramon89: Jl KyaiMojo jogja lalin lancar @peta_mudik @RadioElshinta @SindotrijayaFM @SCTV_ @MudikTvone @mudikkompas @ATCS_DIY htt…","new"
"2016-07-05 13:22:37","RT @fauzan_ramon89: Jl Godean lalin lancar @peta_mudik @RadioElshinta @SindotrijayaFM @SCTV_ @ATCS_DIY @MudikTvone @mudikkompas https://t.c…","retweet"
"2016-07-05 13:22:39","RT @fauzan_ramon89: Jl Kyai Mojo Per4an Pingit lalin Lancar @peta_mudik @RadioElshinta @SindotrijayaFM @SCTV_ @MudikTvone @ATCS_DIY https:/…","retweet"
"2016-07-05 13:22:44","RT @fauzan_ramon89: Jl magelang lalin lancar @peta_mudik @RadioElshinta @SindotrijayaFM @ATCS_DIY @MudikTvone @mudikkompas @SCTV_ https://t…","retweet"
"2016-07-05 13:22:46","RT @fauzan_ramon89: Jl Wolter Monginsidi arah ugm lalin lancar @peta_mudik @RadioElshinta @SindotrijayaFM @ATCS_DIY @MudikTvone @SCTV_ http…","retweet"
"2016-07-05 13:22:51","RT @fauzan_ramon89: Jl Jend Sudirman Arah tugu lalin lancar @peta_mudik @RadioElshinta @SindotrijayaFM @ATCS_DIY @MudikTvone @SCTV_ https:/…","retweet"
"2016-07-05 13:23:06","RT @fauzan_ramon89: Per3an pingit  lalin padat @RadioElshinta @peta_mudik @SindotrijayaFM @ATCS_DIY @SCTV_ @MudikTvone @mudikkompas https:/…","retweet"
"2016-07-05 13:31:00","#Lalin 13.24: RT WPutro: Jogja-Solo di kedua jalur lancar. Dilaporkan dari Delanggu. #InfoMudik","new"
"2016-07-05 13:49:41","#Lalin 13.42: Jl Raya Songgom Prupuk menuju Jogja macet total. (B. Rini) https://t.co/bohy8kxgwo","new"
"2016-07-05 13:49:44","#Lalin 13.49: RT vega_rama: Lebih baik kalo mau ke Jogja lewat Jalur Selatan. lancar jaya. Jkt-Bumiayu hanya 7jam. #InfoMudik","new"
"2016-07-05 13:51:15","13:50 WIB. Kondisi lalin Jl. Sholeh Iskandar dpn Yogya arah Taman Yasmin ramai lancar #Bogor #RTMCjabar https://t.co/1jhWpQK4NL","new"
"2016-07-05 13:51:54","RT @PolresBogorKota: 13:50 WIB. Kondisi lalin Jl. Sholeh Iskandar dpn Yogya arah Taman Yasmin ramai lancar #Bogor #RTMCjabar https://t.co/1…","retweet"
"2016-07-05 13:56:35","13:50 WIB. Kondisi lalin Jl. Sholeh Iskandar dpn Yogya arah Taman Yasmin ramai lancar #Bogor #RTMCjabarhttp://pic.twitter.com/1jhWpQK4NL   …","retweet"
"2016-07-05 14:00:05","#Lalin 13.54 Jl Raya Jogja-Wates-Purworejo lancar dua arah,cuaca cerah,tetap hati2 dan waspada (p Valentinus) https://t.co/8t0Ls3FT4J","new"
"2016-07-05 14:04:24","14.03 wib, kondisi lalin sp tugu dari arah timur terpantau lancar https://t.co/4cBMkb1blc","new"
"2016-07-05 14:05:04","14.04 wib, kondisi lalin sp kids fun dari arah barat dan timur terpantau lancar https://t.co/s4Td0sPhra","new"
"2016-07-05 14:05:09","#PBK 13:50 WIB. Kondisi lalin Jl. Sholeh Iskandar dpn Yogya arah Taman Yasmin ramai lancar #Bogor #RTMCjabar https://t.co/Ve5p4AM69l #Lalin","retweet"
"2016-07-05 14:05:37","14.05 wib, kondisi lalin sp gamping dari arah barat terpantau lancar https://t.co/aPoGdSw9t1","new"
"2016-07-05 14:06:56","14.06 wib, kondisi lalin sp selokan mataram dari arah utara terpantau lancar https://t.co/b9BN8IaZGc","new"
"2016-07-05 14:07:22","ATCS_DIY : 14.03 wib, kondisi lalin sp tugu dari arah timur terpantau lancar … https://t.co/CbDHOvwD7M) https://t.co/aufnqkF2tE","retweet"
"2016-07-05 14:07:27","ATCS_DIY : 14.04 wib, kondisi lalin sp kids fun dari arah barat dan timur terpantau lancar… https://t.co/hjDLIyuZJc) https://t.co/MMnHxNlBM6","retweet"
"2016-07-05 14:07:31","ATCS_DIY : 14.05 wib, kondisi lalin sp gamping dari arah barat terpantau lancar … https://t.co/L169lcnwNZ) https://t.co/9Rccb1SIqF","retweet"
"2016-07-05 14:07:34","ATCS_DIY : 14.06 wib, kondisi lalin sp selokan mataram dari arah utara terpantau lancar … https://t.co/0sCrLMci7P) https://t.co/YXTpGoGMU0","retweet"
"2016-07-05 14:08:07","RT @ATCS_DIY: 14.06 wib, kondisi lalin sp selokan mataram dari arah utara terpantau lancar https://t.co/b9BN8IaZGc","retweet"
"2016-07-05 14:13:04","""@RadioElshinta: 13.42: Jl Raya Songgom Prupuk menuju Jogja macet total. (B. Rini) https://t.co/wwUOK1tQXK"" pantas macet.. Tdk tertib","retweet"
"2016-07-05 14:20:14","RT @ATCS_DIY: 14.03 wib, kondisi lalin sp tugu dari arah timur terpantau lancar https://t.co/4cBMkb1blc","retweet"
"2016-07-05 14:20:14","RT @ATCS_DIY: 14.04 wib, kondisi lalin sp kids fun dari arah barat dan timur terpantau lancar https://t.co/s4Td0sPhra","retweet"
"2016-07-05 14:20:15","RT @ATCS_DIY: 14.05 wib, kondisi lalin sp gamping dari arah barat terpantau lancar https://t.co/aPoGdSw9t1","retweet"
"2016-07-05 14:27:13","Brebes Macet, H-1 Arus Mudik Lebaran di Yogyakarta Masih Lengang https://t.co/I5pPqggg3p  @CendanaNews https://t.co/96qIsDzaau","new"
"2016-07-05 14:32:18","14.32 WIB kondisi lalin sp Demangan terpantau ramai lancar. https://t.co/bO1nKDaO3C","new"
"2016-07-05 14:32:47","14.32 WIB kondisi lalin simpang Kentungan terpantau ramai lancar. https://t.co/ydqU5H2MFw","new"
"2016-07-05 14:33:19","14.32 WIB kondisi lalin ruas Jl. Malioboro terpantau ramai lancar. https://t.co/kklgbCwjOZ","new"
"2016-07-05 14:33:42","14.33 WIB kondisi lalin sp UIN terpantau lancar. https://t.co/nmfwo4y6Kk","new"
"2016-07-05 14:36:02","14.35 WIB kondisi lalin simpang Condongcatur terpantau ramai lancar. Patuhi rambu dan marka. https://t.co/0wFqnDEpRC","new"
"2016-07-05 14:38:06","14.35 WIB kondisi lalin sp Monjali terpantau lancar. https://t.co/0RtGY6gcI1","new"
"2016-07-05 14:38:39","14.38 WIB kondisi lalin sp Seturan terpantau ramai lancar. https://t.co/Ku0ac8FlFo","new"
"2016-07-05 14:39:47","RT @ATCS_DIY: 14.35 WIB kondisi lalin sp Monjali terpantau lancar. https://t.co/0RtGY6gcI1","retweet"
"2016-07-05 14:39:52","RT @ATCS_DIY: 14.38 WIB kondisi lalin sp Seturan terpantau ramai lancar. https://t.co/Ku0ac8FlFo","retweet"
"2016-07-05 14:41:46","14.41 WIB kondisi lalin sp Tugu terpantau ramai lancar. Patuhi rambu dan marka. https://t.co/kHcRGFW0vU","new"
"2016-07-05 14:43:53","ATCS_DIY : 14.32 WIB kondisi lalin sp Demangan terpantau ramai lancar. … https://t.co/bDR0U4bUKg) https://t.co/ZuQA0ZPJmn","retweet"
"2016-07-05 14:43:56","ATCS_DIY : 14.32 WIB kondisi lalin simpang Kentungan terpantau ramai lancar. … https://t.co/Xs4RSmTLFj) https://t.co/IA4fBS4voQ","retweet"
"2016-07-05 14:43:59","ATCS_DIY : 14.32 WIB kondisi lalin ruas Jl. Malioboro terpantau ramai lancar. … https://t.co/AxVjcvKD73) https://t.co/wUlmR1Yagf","retweet"
"2016-07-05 14:44:01","ATCS_DIY : 14.33 WIB kondisi lalin sp UIN terpantau lancar. https://t.co/jD1qx1TGsw (via … https://t.co/EpfnzGkaRd) https://t.co/SbkWDTP0yq","retweet"
"2016-07-05 14:44:04","ATCS_DIY : 14.35 WIB kondisi lalin simpang Condongcatur terpantau ramai lancar. Patuhi ram… https://t.co/ETTBmCc4z1) https://t.co/hUrczeQmpt","retweet"
"2016-07-05 14:44:06","ATCS_DIY : 14.35 WIB kondisi lalin sp Monjali terpantau lancar. https://t.co/fypJrkIbcU (… https://t.co/c8UEbpxu24) https://t.co/hb0eOyxB39","retweet"
"2016-07-05 14:44:09","ATCS_DIY : 14.38 WIB kondisi lalin sp Seturan terpantau ramai lancar. … https://t.co/vLO78ajYT1) https://t.co/w2ANR0IyRp","retweet"
"2016-07-05 14:44:12","ATCS_DIY : 14.41 WIB kondisi lalin sp Tugu terpantau ramai lancar. Patuhi rambu dan marka.… https://t.co/rQijMkXEwF) https://t.co/byip0MVzOb","retweet"
"2016-07-05 14:49:27","Per4an pingit lalin lancar @peta_mudik @RadioElshinta @SindotrijayaFM @SCTV_ @MudikTvone @mudikkompas @ATCS_DIY https://t.co/zlRZuP1Ogl","new"
"2016-07-05 14:50:25","14.45: RT @fauzan_ramon89: Per3an Jati Kencana, Jogja lalin lancar @ATCS_DIY  #InfoMudik https://t.co/FsDs8uVDwP","new"
"2016-07-05 14:52:50","14.50: RT @fauzan_ramon89: Per4an Pingit, Jogja lalin lancar #InfoMudik https://t.co/gnNHpuD3io","retweet"
"2016-07-05 14:54:17","#CelotehJKT : 14.45: RT fauzan_ramon89: Per3an Jati Kencana, Jogja lalin lancar ATCS_DIY  #InfoMudik https://t.co/Jqa7OLEq0u","retweet"
"2016-07-05 14:56:47","Jl P Mangkubumi arah malioboro lalin lancar @peta_mudik @RadioElshinta @SindotrijayaFM @ATCS_DIY @MudikTvone @SCTV_ https://t.co/GHnGRzDE4t","new"
"2016-07-05 14:58:25","Jembatan kewek arah malioboro lalin lancar @peta_mudik @RadioElshinta @SindotrijayaFM @SCTV_ @ATCS_DIY @MudikTvone https://t.co/aYwCbHV7z4","retweet"
"2016-07-05 14:59:12","#Lalin 14.45: RT fauzan_ramon89: Per3an Jati Kencana, Jogja lalin lancar ATCS_DIY  #InfoMudik https://t.co/h6cg3DphbH","retweet"
"2016-07-05 14:59:13","#Lalin 14.50: RT fauzan_ramon89: Per4an Pingit, Jogja lalin lancar #InfoMudik https://t.co/paAcBMlbtf","retweet"
"2016-07-05 15:01:38","Jl Malioboro Pasar Kembang lalin padat @peta_mudik @RadioElshinta @SindotrijayaFM @SCTV_ @MudikTvone @ATCS_DIY https://t.co/HKMqGTO6nN","new"
"2016-07-05 15:02:06","14.59: RT @fauzan_ramon89: Jl P Mangkubumi arah Malioboro, Jogja lalin lancar #InfoMudik https://t.co/FRCiXa8eOZ","new"
"2016-07-05 15:05:29","Jalan raya kutoarjo arah ke magelang jogja dan sekitar nya terpantau ramai lancar..… (at jl. raya kutoarjo) — https://t.co/oObP7E89lA","new"
"2016-07-05 15:08:38","Jl Malioboro lalin padat @peta_mudik @RadioElshinta @SindotrijayaFM @ATCS_DIY @MudikTvone @mudikkompas https://t.co/4ebzY3Mdqz","new"
"2016-07-05 15:09:04","15.13: RT @fauzan_ramon89: Jl Malioboro Pasar Kembang,Jogja lalin padat #InfoMudik https://t.co/k9FNM6SzG3","retweet"
"2016-07-05 15:09:24","RT @RadioElshinta: 15.13: RT @fauzan_ramon89: Jl Malioboro Pasar Kembang,Jogja lalin padat #InfoMudik https://t.co/k9FNM6SzG3","retweet"
"2016-07-05 15:10:31","15.03: RT @fauzan_ramon89: Jl Malioboro Pasar Kembang,Jogja lalin padat #InfoMudik https://t.co/k9FNM6SzG3","retweet"
"2016-07-05 15:11:33","#CelotehJKT : 14.59: RT fauzan_ramon89: Jl P Mangkubumi arah Malioboro, Jogja lalin lancar #InfoMudik https://t.co/7TM8MViWGV","retweet"
"2016-07-05 15:15:59","#Lalin 14.59: RT fauzan_ramon89: Jl P Mangkubumi arah Malioboro, Jogja lalin lancar #InfoMudik https://t.co/0JmsQv9QKr","retweet"
"2016-07-05 15:16:00","#Lalin 15.03: RT fauzan_ramon89: Jl Malioboro Pasar Kembang,Jogja lalin padat #InfoMudik https://t.co/EkGp1KGLP8","retweet"
"2016-07-05 15:16:00","#Lalin 15.02: RT fauzan_ramon89: Jembatan Kewek arah Malioboro,Jogja lalin lancar #InfoMudik https://t.co/Rgb5WZpsFo","new"
"2016-07-05 15:16:46","15.13: RT @fauzan_ramon89: Jl Malioboro, Jogja lalin padat #InfoMudik https://t.co/GmJow9mQiM","retweet"
"2016-07-05 15:17:19","Jl Abubakar ali lalin lancar @peta_mudik @RadioElshinta @SindotrijayaFM @SCTV_ @MudikTvone @mudikkompas @ATCS_DIY https://t.co/MwchXGJ6Y8","new"
"2016-07-05 15:20:02","Jl Kusbini lalin lancar @peta_mudik @RadioElshinta @SindotrijayaFM @SCTV_ @MudikTvone @mudikkompas @ATCS_DIY https://t.co/pqfossZh8V","new"
"2016-07-05 15:21:18","15.17: RT @fauzan_ramon89: Jl Abubakar Ali, Jogja lalin lancar #InfoMudik https://t.co/YbjyvuiFxP","retweet"
"2016-07-05 15:22:36","15.20: RT @fauzan_ramon89: Jl Kusbini, Jogja lalin lancar #InfoMudik  https://t.co/iyUhQjP92y","retweet"
"2016-07-05 15:34:32","#Lalin 15.13: RT fauzan_ramon89: Jl Malioboro, Jogja lalin padat #InfoMudik https://t.co/E7DDQOy4fE","retweet"
"2016-07-05 15:34:37","#Lalin 15.17: RT fauzan_ramon89: Jl Abubakar Ali, Jogja lalin lancar #InfoMudik https://t.co/qXoAw5Oupp","retweet"
"2016-07-05 15:34:37","15.30: RT @fauzan_ramon89: Jl Munggur Jogja arah jl Solo. lalin lancar. #InfoMudik https://t.co/EfMZqITh5s","new"
"2016-07-05 15:34:39","#Lalin 15.20: RT fauzan_ramon89: Jl Kusbini, Jogja lalin lancar #InfoMudik  https://t.co/gpRzdvuPFt","retweet"
"2016-07-05 15:37:59","Depan Mal Amplaz lalin lancar @peta_mudik @RadioElshinta @SindotrijayaFM @SCTV_ @MudikTvone @mudikkompas @ATCS_DIY https://t.co/kcFVm8lTrF","new"
"2016-07-05 15:39:13","RadioElshinta : 15.30: RT fauzan_ramon89: Jl Munggur Jogja arah jl Solo. lalin lancar. #In… https://t.co/mbf9YZaoDS) https://t.co/s3oNU16aJ0","retweet"
"2016-07-05 15:39:24","15.33 RT @C_ArieW : Dari Cikampek exit tol Kertajati-Majenang-Cikijing-Ciamis lancaaaar cuus Jogja #InfoMudik","new"
"2016-07-05 15:40:25","Per3an janti lalin lancar @peta_mudik @RadioElshinta @SindotrijayaFM @SCTV_ @mudikkompas @MudikTvone @ATCS_DIY https://t.co/ln2SEW7wmZ","new"
"2016-07-05 15:44:37","15.44 wib, kondisi lalin sp prambanan dari arah timur terpantau lancar https://t.co/RQIG8i5T4j","new"
"2016-07-05 15:44:57","RT @ATCS_DIY: 15.44 wib, kondisi lalin sp prambanan dari arah timur terpantau lancar https://t.co/RQIG8i5T4j","retweet"
"2016-07-05 15:45:13","RT @RadioElshinta: 15.33 RT @C_ArieW : Dari Cikampek exit tol Kertajati-Majenang-Cikijing-Ciamis lancaaaar cuus Jogja #InfoMudik","retweet"
"2016-07-05 15:45:23","15.44 wib, kondisi lalin sp maguwo dari arah barat terpantau antrian kend cukup panjang https://t.co/MQcjY1pndn","new"
"2016-07-05 15:45:47","RT @ATCS_DIY: 15.44 wib, kondisi lalin sp maguwo dari arah barat terpantau antrian kend cukup panjang https://t.co/MQcjY1pndn","retweet"
"2016-07-05 15:46:33","#CelotehJKT : 15.30: RT fauzan_ramon89: Jl Munggur Jogja arah jl Solo. lalin lancar. #InfoMudik https://t.co/Xy7cmg5CCf","retweet"
"2016-07-05 15:49:33","RT @ATCS_DIY: 14.41 WIB kondisi lalin sp Tugu terpantau ramai lancar. Patuhi rambu dan marka. https://t.co/kHcRGFW0vU","retweet"
"2016-07-05 15:51:37","15.48: RT @fauzan_ramon89: Jl Laksda Adisucipto,Jogja lalin lancar #InfoMudik https://t.co/FX6Ae3Whyh","new"
"2016-07-05 15:52:06","#Lalin 15.30: RT fauzan_ramon89: Jl Munggur Jogja arah jl Solo. lalin lancar. #InfoMudik https://t.co/HRk53vGEid","retweet"
"2016-07-05 15:52:08","#Lalin 15.33 RT C_ArieW : Dari Cikampek exit tol Kertajati-Majenang-Cikijing-Ciamis lancaaaar cuus Jogja #InfoMudik","retweet"
"2016-07-05 15:52:09","#Lalin 15.35: RT fauzan_ramon89: Batas Kota Jogja&amp;Sleman dpn Lippo mal lalin lancar #InfoMudik  https://t.co/uq3lyGwAhq","new"
"2016-07-05 15:52:09","#Lalin 15.36: RT fauzan_ramon89: Per3an IAIN,Jogja lalin lancar #InfoMudik https://t.co/mItnE3QQbt","new"
"2016-07-05 15:52:11","#Lalin 15.40: RT fauzan_ramon89: Depan Mal Amplaz,Jogja lalin lancar #InfoMudik https://t.co/PTmHfryhXx","retweet"
"2016-07-05 15:52:12","#Lalin 15.44: RT fauzan_ramon89: Per3an Janti, Jogja lalin lancar #InfoMudik https://t.co/ckrprvquW3","retweet"
"2016-07-05 15:52:14","#Lalin 15.48: RT fauzan_ramon89: Jl Laksda Adisucipto,Jogja lalin lancar #InfoMudik https://t.co/X64lTjoebN","retweet"
"2016-07-05 15:54:27","ATCS_DIY : 15.44 wib, kondisi lalin sp prambanan dari arah timur terpantau lancar … https://t.co/1LoaDD732g) https://t.co/wMc13FQtwe","retweet"
"2016-07-05 15:54:31","ATCS_DIY : 15.44 wib, kondisi lalin sp maguwo dari arah barat terpantau antrian kend cukup… https://t.co/lPwtIunvbG) https://t.co/PwJ8ICs8EQ","retweet"
"2016-07-05 15:57:17","Jalan jogja-solo terpantau lancar.","new"
"2016-07-05 16:04:56","Per3an adisucipto lalin padat @RadioElshinta @peta_mudik @SCTV_ @mudikkompas @MudikTvone @SindotrijayaFM @ATCS_DIY https://t.co/dBJWfc6C56","new"
"2016-07-05 16:05:45","@RadioElshinta Jl Kaliurang km9 Jogjakarta lalin ramai lancar dua arah,cuaca mendung gelap https://t.co/H2nU554M8M","new"
"2016-07-05 16:06:03","@sonora_semarang  Jl Kaliurang km9 Jogjakarta lalin ramai lancar dua arah,cuaca mendung gelap https://t.co/eCgvYRRy46","retweet"
"2016-07-05 16:06:18","@SonoraFM92  Jl Kaliurang km9 Jogjakarta lalin ramai lancar dua arah,cuaca mendung gelap https://t.co/hGiJsrwZva","retweet"
"2016-07-05 16:08:06","RT @pramuditabogy1: @sonora_semarang  Jl Kaliurang km9 Jogjakarta lalin ramai lancar dua arah,cuaca mendung gelap https://t.co/eCgvYRRy46","retweet"
"2016-07-05 16:10:06","RT @pramuditabogy1: @SonoraFM92  Jl Kaliurang km9 Jogjakarta lalin ramai lancar dua arah,cuaca mendung gelap https://t.co/hGiJsrwZva","retweet"
"2016-07-05 16:11:34","16.04: RT @pramuditabogy1: Jl Kaliurang km9 Jogjakarta lalin ramai lancar dua arah,cuaca mendung gelap #InfoMudik https://t.co/FvoPuP9loZ","retweet"
"2016-07-05 16:13:24","16.12 wib, kondisi lalin sp condong catur dari arah timur dan barat terpantau lancar https://t.co/FFsnhcbIGR","new"
"2016-07-05 16:13:46","RT @ATCS_DIY: 16.12 wib, kondisi lalin sp condong catur dari arah timur dan barat terpantau lancar https://t.co/FFsnhcbIGR","retweet"
"2016-07-05 16:14:14","16.12 wib, kondisi lalin sp condong catur dari arah timur dan barat terpantau lancar https://t.co/QX11z3YTEs l @ATCS_DIY","retweet"
"2016-07-05 16:14:28","16.14 wib, kondisi lalin sp kentungan dari arah timur terpantau lancar https://t.co/YS0lAZEDBf","new"
"2016-07-05 16:15:18","RT @ATCS_DIY: 16.14 wib, kondisi lalin sp kentungan dari arah timur terpantau lancar https://t.co/YS0lAZEDBf","retweet"
"2016-07-05 16:21:20","16.12 wib, kondisi lalin sp condong catur dari arah timur dan barat terpantau lancar ~ @ATCS_DIY https://t.co/oT7MhdMWbo","retweet"
"2016-07-05 16:21:58","16.14 wib, kondisi lalin sp kentungan dari arah timur terpantau lancar ~ @ATCS_DIY https://t.co/cZJfam9R9P","retweet"
"2016-07-05 16:22:33","RT @JogjaMedia: 16.12 wib, kondisi lalin sp condong catur dari arah timur dan barat terpantau lancar ~ @ATCS_DIY https://t.co/oT7MhdMWbo","retweet"
"2016-07-05 16:22:43","RT @JogjaMedia: 16.14 wib, kondisi lalin sp kentungan dari arah timur terpantau lancar ~ @ATCS_DIY https://t.co/cZJfam9R9P","retweet"
"2016-07-05 16:23:27","#CelotehJKT : 16.04: RT pramuditabogy1: Jl Kaliurang km9 Jogjakarta lalin ramai lancar dua arah,cuaca mendung gela… https://t.co/0VGkaFPFNT","retweet"
"2016-07-05 16:27:07","#Lalin 16.03: RT fauzan_ramon89: Per3an Adisucipto, Jogja lalin padat. #InfoMudik  https://t.co/CQ4D1uc8mK","retweet"
"2016-07-05 16:27:08","#Lalin 16.04: RT pramuditabogy1: Jl Kaliurang km9 Jogjakarta lalin ramai lancar dua arah,cuaca mendung gelap #Info… https://t.co/cak0IwLr3f","retweet"
"2016-07-05 16:29:12","ATCS_DIY : 16.12 wib, kondisi lalin sp condong catur dari arah timur dan barat terpantau l… https://t.co/ioQaFg0S22) https://t.co/2ERtk8tKyd","retweet"
"2016-07-05 16:29:19","ATCS_DIY : 16.14 wib, kondisi lalin sp kentungan dari arah timur terpantau lancar … https://t.co/Qvu8BM58b0) https://t.co/e7btxsHbNF","retweet"
"2016-07-05 16:45:18","Jl jend sudirman lalin lancar @peta_mudik @RadioElshinta @SindotrijayaFM @SCTV_ @MudikTvone @mudikkompas @ATCS_DIY https://t.co/9kpB2nIX9X","retweet"
"2016-07-05 16:48:22","16.45:RT @fauzan_ramon89: Jl Jend Sudirman,Jogja lalin lancar  #InfoMudik https://t.co/XoGafGcyPL","retweet"
"2016-07-05 16:50:56","16.48: RT @fauzan_ramon89: Jl Suroto Kotabaru,Jogja lalin lancar.  #InfoMudik https://t.co/nO2bs25XNQ","new"
"2016-07-05 16:51:05","Arah bundaran UGM lalin lancar @peta_mudik @RadioElshinta @SindotrijayaFM @SCTV_ @mudikkompas @MudikTvone @ATCS_DIY https://t.co/ikHvlTSx6d","new"
"2016-07-05 16:54:20","SindotrijayaMUDIK - @fauzan_ramon89 : Arah bundaran UGM lalin lancar https://t.co/UJA9aAyOte","retweet"
"2016-07-05 16:54:35","16.52: RT @fauzan_ramon89: Arah bundaran UGM, Jogja lalin lancar. #InfoMudik  https://t.co/xHuLIH1DcY","retweet"
"2016-07-05 16:55:18","RT @RadioElshinta: 16.52: RT @fauzan_ramon89: Arah bundaran UGM, Jogja lalin lancar. #InfoMudik  https://t.co/xHuLIH1DcY","retweet"
"2016-07-05 16:55:53","RT @RadioElshinta: 16.45:RT @fauzan_ramon89: Jl Jend Sudirman,Jogja lalin lancar  #InfoMudik https://t.co/XoGafGcyPL","retweet"
"2016-07-05 16:56:54","#CelotehJKT : 16.45:RT fauzan_ramon89: Jl Jend Sudirman,Jogja lalin lancar  #InfoMudik https://t.co/zY6hYnMAFk","retweet"
"2016-07-05 17:03:08","#Lalin 16.45:RT fauzan_ramon89: Jl Jend Sudirman,Jogja lalin lancar  #InfoMudik https://t.co/9jDv325KGr","retweet"
"2016-07-05 17:03:09","#Lalin 16.52: RT fauzan_ramon89: Arah bundaran UGM, Jogja lalin lancar. #InfoMudik  https://t.co/glCoJTKQlN","retweet"
"2016-07-05 17:03:09","#Lalin 16.48: RT fauzan_ramon89: Jl Suroto Kotabaru,Jogja lalin lancar.  #InfoMudik https://t.co/phlnHTneIK","retweet"
"2016-07-05 17:03:10","#Lalin 17.00: RT fauzan_ramon89: Per4an Tugu Jogja lalin lancar. #InfoMudik  https://t.co/EN3iJdjOOs","new"
"2016-07-05 17:08:16","SindotrijayaMUDIK - fauzan_ramon89 : Arah bundaran UGM lalin lancar https://t.co/nrZykx3H04","retweet"
"2016-07-05 17:40:20","Kepadatan lalu lintas juga terjadi di sekitaran lampu merah Jogja Mall sampai depan Pasar Pagi. Hindari jalur tsb biar gak tambah macet.","new"
"2016-07-05 17:43:16","Jl KH A Dahlan lalin lancar @RadioElshinta @peta_mudik @ATCS_DIY @SindotrijayaFM @mudikkompas @MudikTvone https://t.co/VPmp6odCaX","new"
"2016-07-05 17:43:19","RT @infopemalang: Kepadatan lalu lintas juga terjadi di sekitaran lampu merah Jogja Mall sampai depan Pasar Pagi. Hindari jalur tsb biar ga…","retweet"
"2016-07-05 17:54:56","RT @fauzan_ramon89: Per4an tugu jogja lalin lancar @peta_mudik @RadioElshinta @SindotrijayaFM @mudikkompas @MudikTvone @SCTV_ @ATCS_DIY htt…","retweet"
"2016-07-05 17:55:47","#Lalin 17.44: RT fauzan_ramon89: Jl KH A Dahlan,Jogja lalin lancar https://t.co/ETRNnGtihD","retweet"
"2016-07-05 18:52:56","18.50 Arus lalu lintas di titik nol cenderung ramai","new"
"2016-07-05 18:53:38","RT @lalinjogja: 18.50 Arus lalu lintas di titik nol cenderung ramai","retweet"
"2016-07-05 18:56:18","#InfoMudik Arus lalin mglang jogja dan sebaliknya lancar aman dan terkendali @ganjarpranowo https://t.co/egk3c6bEXx","new"
"2016-07-05 19:05:08","#Gunkid LALU LINTAS GUNUNGKIDUL : H-1 Jalan Jogja – Wonosari Ramai Lancar https://t.co/T7CCvWkVK2 #harjo","new"
"2016-07-05 19:20:13","LALU LINTAS GUNUNGKIDUL : H-1 Jalan Jogja – Wonosari Ramai Lancar Lalu lintas Gunungkidul … https://t.co/KPyacxsGkl https://t.co/b8LRJu0vTa","retweet"
"2016-07-05 20:01:11","Arus Lalu Lintas Jalan Magelang-Yogya Sepi https://t.co/E5d3Cgedb7  .","new"
"2016-07-05 20:01:50","RT @infojogjakarta: Arus Lalu Lintas Jalan Magelang-Yogya Sepi https://t.co/E5d3Cgedb7  .","retweet"
"2016-07-05 20:06:28","@JogjaUpdate Jalan Wates gamping macet parah karena konvoi takbiran keliling menggunakan 2 lajur kendaraan.","new"
"2016-07-05 20:07:01","20.03 Arus lalin di seputar titik nol padat.","new"
"2016-07-05 20:07:57","RT @LantasGunkid: Titik Pengalihan arus di Gunungkidul : Sp.3 Amigo, Bundaran taman bunga, bundaran kodim, Sp.4 Jeruk, Sp.3 Kranon, Bund.Si…","new"
"2016-07-05 20:08:06","#Info @lalinjogja: 20.03 Arus lalin di seputar titik nol padat.","retweet"
"2016-07-05 20:10:58","#LebaranJuga 20.07 @Dickquake: Jalan Wates gamping macet parah karena konvoi takbiran keliling menggunakan 2 lajur kendaraan.","new"
"2016-07-05 20:14:03","20.13 0 km dari arah malioboro sudah tidak bolehy ke selatan (arah alun2 utara)","new"
"2016-07-05 20:17:12","20:16 Arus lalulintas di Malioboro padat","new"
"2016-07-05 20:19:31","#Info @lalinjogja: 20.13 wib | 0 km dari arah malioboro sudah tidak boleh ke selatan (arah alun2 utara)","retweet"
"2016-07-05 20:19:55","dari arah yogya mall tegal sampai pasar banjaran padat merayap, di himbau para pengendara menggunakan helm @infotegal #tegalan","new"
"2016-07-05 20:25:42","RT @donny_kurnianto: dari arah yogya mall tegal sampai pasar banjaran padat merayap, di himbau para pengendara menggunakan helm @infotegal…","retweet"
"2016-07-05 20:36:29","depan yogya mall tegal, bank BCA tegal padat merayap, utamakan keselamatan anda. gunakan helm bgi pngendara mtor @infotegal #InfoDalamKota","new"
"2016-07-05 20:42:25","#InfoMudik lalu lintas arah Jogja lancar, cuaca cerah @ganjarpranowo https://t.co/CGkDS8noO9","new"
"2016-07-05 20:55:16","#KotaDjogja Arus Lalu Lintas Jalan Magelang-Yogya Sepi https://t.co/Hj9EGLzUHU Via Tribun Djogja","retweet"
"2016-07-05 20:55:58","#jogja #update Arus Lalu Lintas Jalan Magelang-Yogya Sepi: Tidak terjadi penumpukan kendaraan baik arah... https://t.co/4UvEzvwsEa #news","retweet"
"2016-07-05 20:58:47","20:57 WIB. Pengaturan Jl. Sholeh Iskandar  dpn Yogya. Lalin ramai cenderung padat arah Tmn Yasmin #Bogor #RTMCjabar https://t.co/053jE2KRAR","new"
"2016-07-05 20:58:57","RT @PolresBogorKota: 20:57 WIB. Pengaturan Jl. Sholeh Iskandar  dpn Yogya. Lalin ramai cenderung padat arah Tmn Yasmin #Bogor #RTMCjabar ht…","retweet"
"2016-07-05 20:59:17","20.58: RT @fauzan_ramon89: Jl KH Ahmad Dahlan menuju Alun Alun Utara, Jogja ada Pawai Takbir, lalin padat. https://t.co/3S2hEPzj87","new"
"2016-07-05 21:00:15","20.59 terjadi kepadatan di 0 km","new"
"2016-07-05 21:00:20","RT @RadioElshinta: 20.58: RT @fauzan_ramon89: Jl KH Ahmad Dahlan menuju Alun Alun Utara, Jogja ada Pawai Takbir, lalin padat. https://t.co/…","retweet"
"2016-07-05 21:00:52","RT @lalinjogja: 20.59 terjadi kepadatan di 0 km","retweet"
"2016-07-05 21:03:25","@lewatmana dari arah yogya mall tegal sampai pasar banjaran padat merayap, di himbau para pengendara motor untuk menggunakan helm, Trim's","retweet"
"2016-07-05 21:04:04","dari arah yogya mall tegal sampai pasar banjaran padat merayap, di himbau para pengendara motor untuk menggunakan helm, Tri… (via @AnggaDy)","retweet"
"2016-07-05 21:06:28","#PBK 20:57 WIB. Pengaturan Jl. Sholeh Iskandar  dpn Yogya. Lalin ramai cenderung padat arah Tmn Yasmin #Bogor #RTMCjabar …","retweet"
"2016-07-05 21:09:11","Lalin padat merayap jl Bayangkara&amp;Jl  KH Dahlan @SCTV_ @mudikkompas @MudikTvone @ATCS_DIY @lalinjogja https://t.co/082jbeRMdA","new"
"2016-07-05 21:09:34","https://t.co/prywspIZa7 dari arah yogya mall tegal sampai pasar banjaran padat merayap, di himbau para pengendara motor untuk menggunakan …","retweet"
"2016-07-05 21:10:15","RT @fauzan_ramon89: Lalin padat merayap jl Bayangkara&amp;Jl  KH Dahlan @SCTV_ @mudikkompas @MudikTvone @ATCS_DIY @lalinjogja https://t.co/082j…","retweet"
"2016-07-05 21:10:26","lewatmana: dari arah yogya mall tegal sampai pasar banjaran padat merayap, di himbau para pengendara motor untuk menggunakan helm, Tri… (vi…","retweet"
"2016-07-05 21:10:44","#Lalin 20.58: RT fauzan_ramon89: Jl KH Ahmad Dahlan menuju Alun Alun Utara, Jogja ada Pawai Takbir, lalin padat. https://t.co/EJfAvkYR2E","retweet"
"2016-07-05 21:11:20","21.05: RT @fauzan_ramon89: Lalin padat merayap ada pawai takbir di jl KH Dahlan &amp; Jl Bayangkara, Jogja. https://t.co/TFVMcqDKwR","retweet"
"2016-07-05 21:13:12","(via : @fauzan_ramon89) Lalin padat merayap jl Bayangkara&amp;Jl  KH Dahlan https://t.co/OUXqUqH0OD","retweet"
"2016-07-05 21:17:46","20:57 WIB. Pengaturan Jl. Sholeh Iskandar dpn Yogya. Lalin ramai cenderung padat arah Tmn Yasmin #Bogor #RTMCjabarhttp://pic.twitter.com/05…","retweet"
"2016-07-05 21:19:27","https://t.co/YI0JTRVfN4 dari arah yogya mall tegal sampai pasar banjaran padat merayap, di himbau para pengendara motor untuk menggunakan …","retweet"
"2016-07-05 21:25:55","21.24 terjadi kepadatan di jl. Ibu Ruswo krn pawai takbiran melintas https://t.co/OONbjlAT1k","new"
"2016-07-05 21:26:13","RT @lalinjogja: (via : @fauzan_ramon89) Lalin padat merayap jl Bayangkara&amp;Jl  KH Dahlan https://t.co/OUXqUqH0OD","retweet"
"2016-07-05 21:26:24","@SonoraFM92  Jl Kaliurang jogja arah ke pakem lalin padat merayap akibat takbiran https://t.co/0t4FqevOOu","new"
"2016-07-05 21:27:23","@sonora_semarang  Jl Kaliurang jogja arah ke pakem lalin padat merayap akibat takbiran https://t.co/mqRp57rCyF","retweet"
"2016-07-05 21:27:58","RT @pramuditabogy1: @sonora_semarang  Jl Kaliurang jogja arah ke pakem lalin padat merayap akibat takbiran https://t.co/mqRp57rCyF","retweet"
"2016-07-05 21:31:00","#Lalin 21.05: RT fauzan_ramon89: Lalin padat merayap ada pawai takbir di jl KH Dahlan &amp; Jl Bayangkara, Jogja. https://t.co/N9QTG7dOJH","retweet"
"2016-07-05 21:32:33","21.30: RT @pramuditabogy1: Jl Kaliurang,Jogja arah ke Pakem, lalin padat merayap akibat takbiran #InfoMudik  https://t.co/nB9LGtjG6n","retweet"
"2016-07-05 21:32:45","RT @lalinjogja: 21.24 terjadi kepadatan di jl. Ibu Ruswo krn pawai takbiran melintas https://t.co/OONbjlAT1k","retweet"
"2016-07-05 21:32:48","H-1 Jalan Jogja – Wonosari Ramai Lancar: Arus lalu lintas H-1 lebaran di sepanjang jalur Jogja-Wonosari terpa... https://t.co/r7VchB7uYw","retweet"
"2016-07-05 21:33:15","21.24 Arus lalin Jl Pathuk dialihkan","new"
"2016-07-05 21:35:55","RadioElshinta : 21.30: RT pramuditabogy1: Jl Kaliurang,Jogja arah ke Pakem, lalin padat me… https://t.co/Vj0qzR929k) https://t.co/Z3Ss047jrd","retweet"
"2016-07-05 21:41:23","MACET. Suasana kepadatan lalu lintas di kawasan Nol Kilometer Selasa (5/7) malam ini  https://t.co/t0BOECgTVw | Azk… https://t.co/iRAowcQfEQ","new"
"2016-07-05 21:43:15","RT @tribunjogja: MACET. Suasana kepadatan lalu lintas di kawasan Nol Kilometer Selasa (5/7) malam ini  https://t.co/t0BOECgTVw | Azk… https…","retweet"
"2016-07-05 21:44:52","RT @lalinjogja: 21.24 Arus lalin Jl Pathuk dialihkan","retweet"
"2016-07-05 21:45:30","#CelotehJKT : 21.30: RT pramuditabogy1: Jl Kaliurang,Jogja arah ke Pakem, lalin padat merayap akibat takbiran #Inf… https://t.co/3vYBtfz1w2","retweet"
"2016-07-05 21:46:15","21.24 terjadi kepadatan di jl. Ibu Ruswo krn pawai takbiran melintas https://t.co/NyOEkyJXg1 via @lalinjogja #MudikPKS (5)","retweet"
"2016-07-05 21:48:55","21.24 Arus lalin Jl Pathuk dialihkan via @lalinjogja #MudikPKS (5)","retweet"
"2016-07-05 21:50:21","RT @RadioElshinta: 21.30: RT @pramuditabogy1: Jl Kaliurang,Jogja arah ke Pakem, lalin padat merayap akibat takbiran #InfoMudik  https://t.c…","retweet"
"2016-07-05 21:52:30","#Lalin 21.30: RT pramuditabogy1: Jl Kaliurang,Jogja arah ke Pakem, lalin padat merayap akibat takbiran #InfoMudik  https://t.co/sZd4dvStxI","retweet"
"2016-07-05 23:46:33","RT @lewatmana: dari arah yogya mall tegal sampai pasar banjaran padat merayap, di himbau para pengendara motor untuk menggunakan helm, Tri……","retweet"
