"2016-07-06 03:56:34","RT @RadioElshinta: 20.58: RT @fauzan_ramon89: Jl KH Ahmad Dahlan menuju Alun Alun Utara, Jogja ada Pawai Takbir, lalin padat. https://t.co/…","retweet"
"2016-07-06 06:35:29","RT @tribunjogja: MACET. Suasana kepadatan lalu lintas di kawasan Nol Kilometer Selasa (5/7) malam ini  https://t.co/t0BOECgTVw | Azk… https…","retweet"
"2016-07-06 08:20:46","RT @JogjaUpdate: #Jogja @Wira_VIP: Pracimalaya/makam Kuncen Baru/kuburan kuncen padat,dbrlakukan jln searah ke utara supaya tdk macet https…","new"
"2016-07-06 08:40:49","RT @JogjaUpdate: #Jogja @Wira_VIP: Pracimalaya/makam Kuncen Baru/kuburan kuncen padat,dbrlakukan jln searah ke utara supaya tdk macet https…","retweet"
"2016-07-06 10:40:51","Jl KHA Dahlan Lalin Lancar @peta_mudik @RadioElshinta @SindotrijayaFM @SCTV_ @mudikkompas @MudikTvone @ATCS_DIY https://t.co/ld3CBK2TqQ","new"
"2016-07-06 10:43:37","Jl Cokroaminoto lalin lancar @peta_mudik @RadioElshinta @SindotrijayaFM @SCTV_ @mudikkompas @MudikTvone @ATCS_DIY https://t.co/aCtQafyAG7","new"
"2016-07-06 10:45:24","Jl LetjenSuprapto Lalin Lancar @peta_mudik @RadioElshinta @SindotrijayaFM @SCTV_ @mudikkompas @MudikTvone @ATCS_DIY https://t.co/26pqJPJUW0","new"
"2016-07-06 10:47:37","Jl Kyai Mojo Lalin Lancar @peta_mudik @RadioElshinta @SindotrijayaFM @mudikkompas @MudikTvone @SCTV_ @ATCS_DIY https://t.co/gf02UXHKCV","new"
"2016-07-06 10:54:14","10.54: RT @fauzan_ramon89: Jl KHA Dahlan, Jogja lalin lancar. #IdulFitri https://t.co/cWwVsks32w","new"
"2016-07-06 10:55:59","10.55: RT @fauzan_ramon89: Lalin di Pertigaan Jatikencana, Jogja lancar. https://t.co/oQU8jj0dYV","new"
"2016-07-06 10:57:18","RT @RadioElshinta: 10.54: RT @fauzan_ramon89: Jl KHA Dahlan, Jogja lalin lancar. #IdulFitri https://t.co/cWwVsks32w","retweet"
"2016-07-06 10:57:36","10.57: RT @fauzan_ramon89: Jl Cokroaminoto, Jogja lalin lancar. #InfoMudik #IdulFitri  https://t.co/LYwxqqWIDW","retweet"
"2016-07-06 10:58:02","RT @RadioElshinta: 10.55: RT @fauzan_ramon89: Lalin di Pertigaan Jatikencana, Jogja lancar. https://t.co/oQU8jj0dYV","retweet"
"2016-07-06 10:59:16","RT @RadioElshinta: 10.54: RT @fauzan_ramon89: Jl KHA Dahlan, Jogja lalin lancar. #IdulFitri https://t.co/cWwVsks32w","retweet"
"2016-07-06 11:00:13","10.59: RT @fauzan_ramon89: Jl Kyai Mojo, Jogja lalin lancar. #InfoMudik https://t.co/qnTCkFlyxN","retweet"
"2016-07-06 11:00:58","RT @RadioElshinta: 10.59: RT @fauzan_ramon89: Jl Kyai Mojo, Jogja lalin lancar. #InfoMudik https://t.co/qnTCkFlyxN","retweet"
"2016-07-06 11:01:47","#CelotehJKT : 10.54: RT fauzan_ramon89: Jl KHA Dahlan, Jogja lalin lancar. #IdulFitri https://t.co/GMbgjygV4y","retweet"
"2016-07-06 11:01:49","#CelotehJKT : 10.55: RT fauzan_ramon89: Lalin di Pertigaan Jatikencana, Jogja lancar. https://t.co/X98oUifm0O","retweet"
"2016-07-06 11:01:51","#CelotehJKT : 10.57: RT fauzan_ramon89: Jl Cokroaminoto, Jogja lalin lancar. #InfoMudik #IdulFitri  https://t.co/uDuyzlG8OW","retweet"
"2016-07-06 11:01:53","#CelotehJKT : 10.59: RT fauzan_ramon89: Jl Kyai Mojo, Jogja lalin lancar. #InfoMudik https://t.co/0SmG1CGNW3","retweet"
"2016-07-06 11:02:18","RT @RadioElshinta: 10.54: RT @fauzan_ramon89: Jl KHA Dahlan, Jogja lalin lancar. #IdulFitri https://t.co/cWwVsks32w","retweet"
"2016-07-06 11:02:19","RT @RadioElshinta: 10.55: RT @fauzan_ramon89: Lalin di Pertigaan Jatikencana, Jogja lancar. https://t.co/oQU8jj0dYV","retweet"
"2016-07-06 11:05:43","RT @RadioElshinta: 10.57: RT @fauzan_ramon89: Jl Cokroaminoto, Jogja lalin lancar. #InfoMudik #IdulFitri  https://t.co/LYwxqqWIDW","retweet"
"2016-07-06 11:06:31","#Lalin 10.50: RT fauzan_ramon89: Situasi Jl Bayangkara arah KM 0 Jogja. #InfoMudik #IdulFitri https://t.co/CS8rktOUfx","new"
"2016-07-06 11:06:33","#Lalin 10.54: RT fauzan_ramon89: Jl KHA Dahlan, Jogja lalin lancar. #IdulFitri https://t.co/zqhiDn4Zgg","retweet"
"2016-07-06 11:06:34","#Lalin 10.55: RT fauzan_ramon89: Lalin di Pertigaan Jatikencana, Jogja lancar. https://t.co/jgsNxCoLa4","retweet"
"2016-07-06 11:06:35","#Lalin 10.57: RT fauzan_ramon89: Jl Cokroaminoto, Jogja lalin lancar. #InfoMudik #IdulFitri  https://t.co/lZq8XvoASr","retweet"
"2016-07-06 11:06:36","#Lalin 10.59: RT fauzan_ramon89: Jl Kyai Mojo, Jogja lalin lancar. #InfoMudik https://t.co/Sk4iRv0C7R","retweet"
"2016-07-06 11:07:17","11.07: RT @fauzan_ramon89: Per3an Jatikencana, Jogja lalin lancar. #InfoMudik https://t.co/oQU8jj0dYV","new"
"2016-07-06 11:10:02","RadioElshinta : 10.55: RT fauzan_ramon89: Lalin di Pertigaan Jatikencana, Jogja lancar. … https://t.co/DXHJ3MyqxX) https://t.co/id09uyvkSq","retweet"
"2016-07-06 11:15:12","RT @CelotehSMG: #Lalin 10.55: RT fauzan_ramon89: Lalin di Pertigaan Jatikencana, Jogja lancar. https://t.co/jgsNxCoLa4","retweet"
"2016-07-06 11:15:12","RT @CelotehSMG: #Lalin 10.54: RT fauzan_ramon89: Jl KHA Dahlan, Jogja lalin lancar. #IdulFitri https://t.co/zqhiDn4Zgg","retweet"
"2016-07-06 11:15:12","RT @CelotehSMG: #Lalin 10.50: RT fauzan_ramon89: Situasi Jl Bayangkara arah KM 0 Jogja. #InfoMudik #IdulFitri https://t.co/CS8rktOUfx","retweet"
"2016-07-06 11:19:18","#CelotehJKT : 11.07: RT fauzan_ramon89: Per3an Jatikencana, Jogja lalin lancar. #InfoMudik https://t.co/X98oUifm0O","retweet"
"2016-07-06 11:22:29","Simpang jl tugu utara sampang cilacap relatif lancar rata2 pemudik ke arah yogya lewat selatan #InfoMudik #4GinAja https://t.co/2P7AjQLKkg","new"
"2016-07-06 11:24:12","#Lalin 11.07: RT fauzan_ramon89: Per3an Jatikencana, Jogja lalin lancar. #InfoMudik https://t.co/jgsNxCoLa4","retweet"
"2016-07-06 11:26:09","#tolTMJ 11.20: antrean di exit tol Bawen arah Solo/Yogya mencapai 2 km,hindari tol Bawen dg keluar di exit Ungaran/lewat jalur konvensional.","new"
"2016-07-06 11:30:13","Spdenggung jogja lalulintas terpantau lancar @infojogja @KemenPU #InfoMudik https://t.co/zsMwx4tFE0","new"
"2016-07-06 11:42:29","#Lalin 11.33: RT libes: Menikmati Jalur Selatan Jogja-Puwokerto yg lancar, ayo tebak ini ikon dimana? https://t.co/3HUkvxhxdV","new"
"2016-07-06 11:42:36","#Lalin 11.39: RT yerryant_: Jalur Surabaya-Mojokerto padat merambat, bg yg mau ke Madiun-Jogja harap lewat Tol Sum… https://t.co/qlWGVo0oa8","new"
"2016-07-06 11:50:25","RT @CelotehSMG: #Lalin 11.07: RT fauzan_ramon89: Per3an Jatikencana, Jogja lalin lancar. #InfoMudik https://t.co/jgsNxCoLa4","retweet"
"2016-07-06 11:58:47","11.58: RT @pramuditabogy1: Jl Magelang Jogja, padat merayap dua arah. #InfoMudik https://t.co/CWDyLZellx","new"
"2016-07-06 12:00:27","#Lalin 11.58: RT pramuditabogy1: Jl Magelang Jogja, padat merayap dua arah. #InfoMudik https://t.co/kkWgpdztsL","retweet"
"2016-07-06 12:02:43","RT @RadioElshinta: 11.58: RT @pramuditabogy1: Jl Magelang Jogja, padat merayap dua arah. #InfoMudik https://t.co/CWDyLZellx","retweet"
"2016-07-06 12:03:14","RadioElshinta : 11.58: RT pramuditabogy1: Jl Magelang Jogja, padat merayap dua arah. #Info… https://t.co/gVxGYsnpdw) https://t.co/LsCIAq4VqJ","retweet"
"2016-07-06 12:13:38","#CelotehJKT : 11.58: RT pramuditabogy1: Jl Magelang Jogja, padat merayap dua arah. #InfoMudik https://t.co/USdb3eCxY6","retweet"
"2016-07-06 12:16:21","RT @CelotehJKT: #CelotehJKT : 11.58: RT pramuditabogy1: Jl Magelang Jogja, padat merayap dua arah. #InfoMudik https://t.co/USdb3eCxY6","retweet"
"2016-07-06 12:25:16","RT @CelotehSMG: #Lalin 11.58: RT pramuditabogy1: Jl Magelang Jogja, padat merayap dua arah. #InfoMudik https://t.co/kkWgpdztsL","retweet"
"2016-07-06 12:34:16","12.33 WIB kondisi lalin sp Bandara terpantau lancar. Patuhi rmabu dan marka. https://t.co/MhEVYXPW0i","new"
"2016-07-06 12:35:15","RT @ATCS_DIY: 12.33 WIB kondisi lalin sp Bandara terpantau lancar. Patuhi rmabu dan marka. https://t.co/MhEVYXPW0i","retweet"
"2016-07-06 12:37:05","RT @ATCS_DIY: 12.33 WIB kondisi lalin sp Bandara terpantau lancar. Patuhi rmabu dan marka. https://t.co/MhEVYXPW0i","retweet"
"2016-07-06 12:39:41","@RadioElshinta @lewatmana lalin Jogja Solo terpantau ramai lancar demikian jg arah sebaliknya","new"
"2016-07-06 12:40:05","lalin Jogja Solo terpantau ramai lancar demikian jg arah sebaliknya (via @ikabaskoro)","retweet"
"2016-07-06 12:45:17","https://t.co/YI0JTRVfN4 lalin Jogja Solo terpantau ramai lancar demikian jg arah sebaliknya (via ikabaskoro)","retweet"
"2016-07-06 12:45:33","RT @lewatmana: lalin Jogja Solo terpantau ramai lancar demikian jg arah sebaliknya (via @ikabaskoro)","retweet"
"2016-07-06 12:50:39","lewatmana: lalin Jogja Solo terpantau ramai lancar demikian jg arah sebaliknya (via ikabaskoro)","retweet"
"2016-07-06 12:53:08","https://t.co/prywspIZa7 lalin Jogja Solo terpantau ramai lancar demikian jg arah sebaliknya (via ikabaskoro)","retweet"
"2016-07-06 13:16:29","13.14 Arus lalulintas di simpang Tugu Jogja, lengang.","new"
"2016-07-06 13:16:56","RT @lalinjogja: 13.14 Arus lalulintas di simpang Tugu Jogja, lengang.","retweet"
"2016-07-06 13:21:51","13.18 Arus lalin di simpang Abu Bakar Ali, Jl Malioboro, lengang. Cuaca cerah","new"
"2016-07-06 13:24:10","RT @lalinjogja: 13.18 Arus lalin di simpang Abu Bakar Ali, Jl Malioboro, lengang. Cuaca cerah","retweet"
"2016-07-06 13:25:31","RT @lalinjogja: 13.14 Arus lalulintas di simpang Tugu Jogja, lengang.","retweet"
"2016-07-06 13:27:45","REALTIME NEWS: Bersiap! Arus Lalu Lintas Masuk Kota Klaten Padat Merayap https://t.co/SJZlvVgSsC","new"
"2016-07-06 13:38:12","RT @LintasKebumen: 14.29 | Via @andriryawan: Arus lalu lintas Kebumen arah Purworejo lancar tujuan Wates, Jogjakarta, Klaten #lalinKBM http…","retweet"
"2016-07-06 13:43:00","[Jogja] REALTIME NEWS: Bersiap! Arus Lalu Lintas Masuk Kota Klaten Padat Merayap https://t.co/1iZutE9JNd","retweet"
"2016-07-06 13:46:33","RT @LintasKebumen: 16.35 | Via @TwittMudik: : Arus lalin menjelang perlintasan KA Karanganyar, Kebumen arah Jogja lancar #lalinKBM https://…","retweet"
"2016-07-06 13:49:47","RT @tribunjogja: REALTIME NEWS: Bersiap! Arus Lalu Lintas Masuk Kota Klaten Padat Merayap https://t.co/SJZlvVgSsC","retweet"
"2016-07-06 13:52:21","RT @tribunjogja: REALTIME NEWS: Bersiap! Arus Lalu Lintas Masuk Kota Klaten Padat Merayap https://t.co/SJZlvVgSsC","retweet"
"2016-07-06 13:52:33","[POSKOTRAFFIC] Arus lalulintas di simpang Tugu Jogja, lengang #POSKO3","new"
"2016-07-06 13:52:51","[POSKOTRAFFIC] Arus lalin di simpang Abu Bakar Ali, Jl Malioboro, lengang. Cuaca cerah","new"
"2016-07-06 13:53:12","[POSKOTRAFFIC] Arus lalin di simpang Abu Bakar Ali, Jl Malioboro, lengang #POSKO3","retweet"
"2016-07-06 13:55:16","RT @tribunjogja: REALTIME NEWS: Bersiap! Arus Lalu Lintas Masuk Kota Klaten Padat Merayap https://t.co/SJZlvVgSsC","retweet"
"2016-07-06 13:56:05","RT @tribunjogja: REALTIME NEWS: Bersiap! Arus Lalu Lintas Masuk Kota Klaten Padat Merayap https://t.co/SJZlvVgSsC","retweet"
"2016-07-06 13:58:36","#BeritaJogja REALTIME NEWS: Bersiap! Arus Lalu Lintas Masuk Kota Klaten Padat Merayap: Arus lal... https://t.co/Kv7OcqYqBu [TribunJogja]","retweet"
"2016-07-06 13:58:38","#jogja #infojogja REALTIME NEWS: Bersiap! Arus Lalu Lintas Masuk Kota Klaten Padat Merayap: A... https://t.co/BvBVe06eEV @prambanantrans","retweet"
"2016-07-06 13:58:39","#jogja #infojogja REALTIME NEWS: Bersiap! Arus Lalu Lintas Masuk Kota Klaten Padat Merayap: A... https://t.co/McvIkAZgJU @prambanantrans","retweet"
"2016-07-06 13:59:05","REALTIME NEWS: Bersiap! Arus Lalu Lintas Masuk Kota Klaten Padat Merayap https://t.co/AMfzT2b4hq #Jogja","retweet"
"2016-07-06 13:59:05","#Seputar #Jogja REALTIME NEWS: Bersiap! Arus Lalu Lintas Masuk Kota Klaten Padat Merayap https://t.co/RvMSjO2bKq #RentalMobilJogja","retweet"
"2016-07-06 13:59:07","#Seputar #Jogja REALTIME NEWS: Bersiap! Arus Lalu Lintas Masuk Kota Klaten Padat Merayap https://t.co/hFcg8nyNga #RentalMobilJogja","retweet"
"2016-07-06 14:01:45","RT @tribunjogja: REALTIME NEWS: Bersiap! Arus Lalu Lintas Masuk Kota Klaten Padat Merayap https://t.co/SJZlvVgSsC","retweet"
"2016-07-06 14:03:06","#InfoJogja REALTIME NEWS: Bersiap! Arus Lalu Lintas Masuk Kota Klaten Padat Merayap https://t.co/AMyopQhDyW","retweet"
"2016-07-06 14:03:14","#jogja #update REALTIME NEWS: Bersiap! Arus Lalu Lintas Masuk Kota Klaten Padat Merayap: Arus lalu lint... https://t.co/VxTnDfF2S7 #news","retweet"
"2016-07-06 14:03:16","Kumpulan #Berita REALTIME NEWS: Bersiap! Arus Lalu Lintas Masuk Kota Klaten Padat Merayap: ... https://t.co/lIMNm3lwLz via Tribun #jogja","retweet"
"2016-07-06 14:03:18","#beritainyangada REALTIME NEWS: Bersiap! Arus Lalu Lintas Masuk Kota Klaten Padat Merayap: ... https://t.co/G8eGaS9OHm via Tribun #jogja","retweet"
"2016-07-06 14:03:20","#Berita #Terkini REALTIME NEWS: Bersiap! Arus Lalu Lintas Masuk Kota Klaten Padat Merayap: ... https://t.co/cqP0hvDWRJ via Tribun #Jogja","retweet"
"2016-07-06 14:03:21","#Dunia Dalam #Berita REALTIME NEWS: Bersiap! Arus Lalu Lintas Masuk Kota Klaten Padat Meray... https://t.co/I1FxFEdp6M via Tribun #Jogja","retweet"
"2016-07-06 14:04:20","RT @ATCS_DIY: 12.33 WIB kondisi lalin sp Bandara terpantau lancar. Patuhi rmabu dan marka. https://t.co/MhEVYXPW0i","retweet"
"2016-07-06 14:09:03","RT @CelotehJKT: #CelotehJKT : 11.58: RT pramuditabogy1: Jl Magelang Jogja, padat merayap dua arah. #InfoMudik https://t.co/USdb3eCxY6","retweet"
"2016-07-06 14:17:08","14.16 wib, kondisi lalin sp prambanan dari arah timur terpantau lancar https://t.co/5CbK9YZi4X","new"
"2016-07-06 14:18:08","14.17 wib, kondisi lalin sp condong catur dari arah barat terpantau antrian kend cukup panjang https://t.co/OssUygq5wI","new"
"2016-07-06 14:20:53","ATCS_DIY : 14.16 wib, kondisi lalin sp prambanan dari arah timur terpantau lancar … https://t.co/c77aXnVdoL) https://t.co/iYd5hUflrD","retweet"
"2016-07-06 14:20:57","ATCS_DIY : 14.17 wib, kondisi lalin sp condong catur dari arah barat terpantau antrian ken… https://t.co/NmdGZrz3gY) https://t.co/VGiTkLTmIp","retweet"
"2016-07-06 14:24:48","RT @ATCS_DIY: 14.17 wib, kondisi lalin sp condong catur dari arah barat terpantau antrian kend cukup panjang https://t.co/OssUygq5wI","retweet"
"2016-07-06 14:25:51","REALTIME NEWS: Bersiap! Arus Lalu Lintas Masuk Kota Klaten ... - https://t.co/H2BuHfGdSj https://t.co/cHSnvxTcz9 #Klaten","retweet"
"2016-07-06 14:37:37","14.37 wib, kondisi lalin sp gamping dari arah barat terpantau lancar https://t.co/CBlrgVsEiN","new"
"2016-07-06 14:37:38","ATCS_DIY : 14.17 wib, kondisi lalin sp condong catur dari arah barat terpantau antrian ken… https://t.co/NmdGZrz3gY) https://t.co/IVV5UgoBls","retweet"
"2016-07-06 14:38:04","RT @ATCS_DIY: 14.37 wib, kondisi lalin sp gamping dari arah barat terpantau lancar https://t.co/CBlrgVsEiN","retweet"
"2016-07-06 14:38:10","REALTIME NEWS: Bersiap! Arus Lalu Lintas Masuk Kota Klaten Padat Merayap - https://t.co/ZSENXBWYdt https://t.co/3TQMclJUT0 #Klaten #Nobar","retweet"
"2016-07-06 14:41:03","RT @ATCS_DIY: 14.16 wib, kondisi lalin sp prambanan dari arah timur terpantau lancar https://t.co/5CbK9YZi4X","retweet"
"2016-07-06 14:41:06","RT @ATCS_DIY: 14.37 wib, kondisi lalin sp gamping dari arah barat terpantau lancar https://t.co/CBlrgVsEiN","retweet"
"2016-07-06 14:47:50","RT @ATCS_DIY: 14.16 wib, kondisi lalin sp prambanan dari arah timur terpantau lancar https://t.co/5CbK9YZi4X","retweet"
"2016-07-06 14:47:50","RT @ATCS_DIY: 14.17 wib, kondisi lalin sp condong catur dari arah barat terpantau antrian kend cukup panjang https://t.co/OssUygq5wI","retweet"
"2016-07-06 14:47:51","RT @ATCS_DIY: 14.37 wib, kondisi lalin sp gamping dari arah barat terpantau lancar https://t.co/CBlrgVsEiN","retweet"
"2016-07-06 14:55:17","ATCS_DIY : 14.37 wib, kondisi lalin sp gamping dari arah barat terpantau lancar … https://t.co/B7HAU0vw6a) https://t.co/ugVrP84MNY","retweet"
"2016-07-06 15:11:02","Dari piyungan terpantau arah dari dari jogja ke wonosari rame lancar, sedang arah ke Jogja lancar","new"
"2016-07-06 15:24:07","15.22 WIB kondisi lalin sp Kidsfun terpantau ramai. https://t.co/iVjMpxLSzE","new"
"2016-07-06 15:24:42","RT @ATCS_DIY: 15.22 WIB kondisi lalin sp Kidsfun terpantau ramai. https://t.co/iVjMpxLSzE","retweet"
"2016-07-06 15:25:37","RT @tribunjogja: REALTIME NEWS: Bersiap! Arus Lalu Lintas Masuk Kota Klaten Padat Merayap https://t.co/SJZlvVgSsC","retweet"
"2016-07-06 15:27:44","ATCS_DIY : 15.22 WIB kondisi lalin sp Kidsfun terpantau ramai. https://t.co/yG1Q9G2h01 (v… https://t.co/jzqogFMEyP) https://t.co/XQxvEz1KQI","retweet"
"2016-07-06 15:36:31","RT @ATCS_DIY: 15.22 WIB kondisi lalin sp Kidsfun terpantau ramai. https://t.co/iVjMpxLSzE","retweet"
"2016-07-06 15:56:42","RT @ATCS_DIY: 14.17 wib, kondisi lalin sp condong catur dari arah barat terpantau antrian kend cukup panjang https://t.co/OssUygq5wI","retweet"
"2016-07-06 15:57:25","RT @tribunjogja: REALTIME NEWS: Bersiap! Arus Lalu Lintas Masuk Kota Klaten Padat Merayap https://t.co/SJZlvVgSsC","retweet"
"2016-07-06 15:59:12","RT @ATCS_DIY: 14.16 wib, kondisi lalin sp prambanan dari arah timur terpantau lancar https://t.co/5CbK9YZi4X","retweet"
"2016-07-06 16:18:48","RT @lalinjogja: 13.18 Arus lalin di simpang Abu Bakar Ali, Jl Malioboro, lengang. Cuaca cerah","retweet"
"2016-07-06 16:37:23","@lewatmana jl raya prupuk macet parah . padat merayap, yang ke jogja dan sekitarnya disarankan lewat jalur selatan","new"
"2016-07-06 16:38:04","jl raya prupuk macet parah . padat merayap, yang ke jogja dan sekitarnya disarankan lewat jalur selatan (via @Riisma98)","retweet"
"2016-07-06 16:45:50","16.45 WIB kondisi lalu lintas di simpang bandara terpantau ramai lancar dari timur dan barat, lancar dari selatan https://t.co/wV8qYKmeva","new"
"2016-07-06 16:49:13","16.47 WIB kondisi lalu lintas di simpang maguwo terpantau padat lancar dari timur dan barat https://t.co/qGkONbd1hJ","new"
"2016-07-06 16:49:59","lewatmana: jl raya prupuk macet parah . padat merayap, yang ke jogja dan sekitarnya disarankan lewat jalur selatan (via Riisma98)","retweet"
"2016-07-06 16:50:50","16.50 WIB kondisi lalu lintas di simpang UIN terpantau ramai lancar dari semua arah https://t.co/MsnNjcX0QG","new"
"2016-07-06 16:51:36","16.51 WIB kondisi lalu lintas di jalan malioboro terpantau ramai lancar, tetap patuhi rambu lalu lintas dan marka.. https://t.co/D3FS9GN8ga","new"
"2016-07-06 16:52:49","16.52 WIB kondisi lalu lintas di simpang patran terpantau ramai lancar dari semua arah https://t.co/rE7AoirJ5l","new"
"2016-07-06 16:53:33","ATCS_DIY : 16.45 WIB kondisi lalu lintas di simpang bandara terpantau ramai lancar dari ti… https://t.co/FpkyAowKHQ) https://t.co/ohgEhgRYZL","retweet"
"2016-07-06 16:53:36","ATCS_DIY : 16.47 WIB kondisi lalu lintas di simpang maguwo terpantau padat lancar dari tim… https://t.co/oDMREyika0) https://t.co/x84SdN0j1A","retweet"
"2016-07-06 16:53:38","ATCS_DIY : 16.50 WIB kondisi lalu lintas di simpang UIN terpantau ramai lancar dari semua … https://t.co/OOrwdjdVe8) https://t.co/VPzoNQ9Sd3","retweet"
"2016-07-06 16:53:42","ATCS_DIY : 16.51 WIB kondisi lalu lintas di jalan malioboro terpantau ramai lancar, tetap … https://t.co/r09jngHBns) https://t.co/AgkbmHoptE","retweet"
"2016-07-06 16:53:44","ATCS_DIY : 16.52 WIB kondisi lalu lintas di simpang patran terpantau ramai lancar dari sem… https://t.co/eML2WXkOFK) https://t.co/yho8zJDhpw","retweet"
"2016-07-06 16:54:15","16.54 WIB kondisi lalu lintas di sekitaran bundaran kleringan terpantau ramai lancar https://t.co/JoPp69Hb2E","new"
"2016-07-06 16:56:18","RT @ATCS_DIY: 16.45 WIB kondisi lalu lintas di simpang bandara terpantau ramai lancar dari timur dan barat, lancar dari selatan https://t.c…","retweet"
"2016-07-06 16:56:35","RT @ATCS_DIY: 16.47 WIB kondisi lalu lintas di simpang maguwo terpantau padat lancar dari timur dan barat https://t.co/qGkONbd1hJ","retweet"
"2016-07-06 16:57:05","RT @ATCS_DIY: 16.50 WIB kondisi lalu lintas di simpang UIN terpantau ramai lancar dari semua arah https://t.co/MsnNjcX0QG","retweet"
"2016-07-06 16:57:09","RT @ATCS_DIY: 16.51 WIB kondisi lalu lintas di jalan malioboro terpantau ramai lancar, tetap patuhi rambu lalu lintas dan marka.. https://t…","retweet"
"2016-07-06 16:57:21","RT @ATCS_DIY: 16.52 WIB kondisi lalu lintas di simpang patran terpantau ramai lancar dari semua arah https://t.co/rE7AoirJ5l","retweet"
"2016-07-06 16:57:25","RT @ATCS_DIY: 16.54 WIB kondisi lalu lintas di sekitaran bundaran kleringan terpantau ramai lancar https://t.co/JoPp69Hb2E","retweet"
"2016-07-06 17:10:17","ATCS_DIY : 16.54 WIB kondisi lalu lintas di sekitaran bundaran kleringan terpantau ramai l… https://t.co/CxuG7NOm8L) https://t.co/WX0gE2MVHF","retweet"
"2016-07-06 17:13:20","Arus lalu lintas memasuki Delanggu dari arah Jogja ke Solo dialihkan ke Jalur Lingkar Barat Delanggu. https://t.co/i2C03QFSfK","new"
"2016-07-06 17:16:39","17.17 WIB lalu lintas di ring road utara (Sp.Monjali-kentungan-concat-seturan) terpantau padat dari arah barat https://t.co/skSoOQI4VL","new"
"2016-07-06 17:17:16","RT @ATCS_DIY: 17.17 WIB lalu lintas di ring road utara (Sp.Monjali-kentungan-concat-seturan) terpantau padat dari arah barat https://t.co/s…","retweet"
"2016-07-06 17:23:00","17.23 WIB lalu lintas di simpang kidsfun terpantau padat dari timur https://t.co/mvgKbHG4nW","new"
"2016-07-06 17:24:51","RT @ATCS_DIY: 17.23 WIB lalu lintas di simpang kidsfun terpantau padat dari timur https://t.co/mvgKbHG4nW","retweet"
"2016-07-06 17:26:36","17.17 WIB lalin ring road utara (Sp.Monjali-kentungan-concat-seturan) terpantau padat dari arah barat https://t.co/ghYRqcT6lu via @ATCS_DIY","retweet"
"2016-07-06 17:26:51","ATCS_DIY : 17.17 WIB lalu lintas di ring road utara (Sp.Monjali-kentungan-concat-seturan) … https://t.co/8agdRmTlNb) https://t.co/jsQdY75wT6","retweet"
"2016-07-06 17:26:53","ATCS_DIY : 17.23 WIB lalu lintas di simpang kidsfun terpantau padat dari timur … https://t.co/6QVLADOyjr) https://t.co/IJQ9gDkOsT","retweet"
"2016-07-06 17:28:57","17.23 WIB lalu lintas di simpang kidsfun terpantau padat dari timur https://t.co/0b6KxXnRar l @ATCS_DIY","retweet"
"2016-07-06 17:30:11","Lalu lintas di ring road utara (Sp.Monjali-kentungan-concat-seturan) terpantau padat dari arah barat https://t.co/f4bExnc62I l @ATCS_DIY","new"
"2016-07-06 17:33:32","RT @Jogja_Sun: Lalu lintas di ring road utara (Sp.Monjali-kentungan-concat-seturan) terpantau padat dari arah barat https://t.co/f4bExnc62I…","retweet"
"2016-07-06 17:34:39","RT @tribunjogja: REALTIME NEWS: Bersiap! Arus Lalu Lintas Masuk Kota Klaten Padat Merayap https://t.co/SJZlvVgSsC","retweet"
"2016-07-06 17:45:41","jl raya prupuk macet parah . padat merayap, yang ke jogja dan sekitarnya disarankan lewat jalur selatan","retweet"
"2016-07-06 18:06:11","18.05 WIB terjadi peningkatan volume kendaraan dari arah timur di simpang prambanan (masuk ke DIY) https://t.co/DnqWdFqIrE","new"
"2016-07-06 18:07:04","RT @ATCS_DIY: 18.05 WIB terjadi peningkatan volume kendaraan dari arah timur di simpang prambanan (masuk ke DIY) https://t.co/DnqWdFqIrE","retweet"
"2016-07-06 18:09:44","RT @ATCS_DIY: 18.05 WIB terjadi peningkatan volume kendaraan dari arah timur di simpang prambanan (masuk ke DIY) https://t.co/DnqWdFqIrE","retweet"
"2016-07-06 18:11:10","RT @ATCS_DIY: 18.05 WIB terjadi peningkatan volume kendaraan dari arah timur di simpang prambanan (masuk ke DIY) https://t.co/DnqWdFqIrE","retweet"
"2016-07-06 18:19:43","18.18 WIB terjadi penngkatan volume kendaraan di simpang sedayu dari arah barat ke timur (Purworejo ke DIY) https://t.co/nLcLdOpvMk","new"
"2016-07-06 18:19:53","ATCS_DIY : 18.05 WIB terjadi peningkatan volume kendaraan dari arah timur di simpang pramb… https://t.co/sGJBJ345RR) https://t.co/EfKDgdwY7k","retweet"
"2016-07-06 18:19:58","RT @ATCS_DIY: 18.18 WIB terjadi penngkatan volume kendaraan di simpang sedayu dari arah barat ke timur (Purworejo ke DIY) https://t.co/nLcL…","retweet"
"2016-07-06 18:27:21","18.27 lalu lintas di simpang tempel terpantau volume kendaraan cukup padat dari arah utara ke selatan (masuk DIY) https://t.co/aScbSckYCS","new"
"2016-07-06 18:29:01","RT @ATCS_DIY: 17.17 WIB lalu lintas di ring road utara (Sp.Monjali-kentungan-concat-seturan) terpantau padat dari arah barat https://t.co/s…","retweet"
"2016-07-06 18:33:13","RT @ATCS_DIY: 18.27 lalu lintas di simpang tempel terpantau volume kendaraan cukup padat dari arah utara ke selatan (masuk DIY) https://t.c…","retweet"
"2016-07-06 18:38:13","ATCS_DIY : 18.18 WIB terjadi penngkatan volume kendaraan di simpang sedayu dari arah barat… https://t.co/JODJQkuqef) https://t.co/Rq85mBCBYs","retweet"
"2016-07-06 18:38:16","ATCS_DIY : 18.27 lalu lintas di simpang tempel terpantau volume kendaraan cukup padat dari… https://t.co/L8l87nMV5Z) https://t.co/qr9T9aazyr","retweet"
"2016-07-06 18:38:20","RT @ATCS_DIY: 18.18 WIB terjadi penngkatan volume kendaraan di simpang sedayu dari arah barat ke timur (Purworejo ke DIY) https://t.co/nLcL…","retweet"
"2016-07-06 18:39:51","RT @ATCS_DIY: 18.27 lalu lintas di simpang tempel terpantau volume kendaraan cukup padat dari arah utara ke selatan (masuk DIY) https://t.c…","retweet"
"2016-07-06 18:54:04","Alhamdulillah lebaran trah solo selesai. Arus lalin jogja-solo lancar","new"
"2016-07-06 18:55:11","18.55 WIB peningkatan volume kendaraan di bundaran kleringan menuju kawasan malioboro, arus lalu lintas padat https://t.co/J7pP6QUSyK","new"
"2016-07-06 18:56:21","18.56 WIB lalu lintas di jalan malioboro terpantau padat merayap. https://t.co/oh3qQEYtAt","new"
"2016-07-06 18:56:29","RT @ATCS_DIY: 18.55 WIB peningkatan volume kendaraan di bundaran kleringan menuju kawasan malioboro, arus lalu lintas padat https://t.co/J7…","retweet"
"2016-07-06 18:56:55","ATCS_DIY : 18.55 WIB peningkatan volume kendaraan di bundaran kleringan menuju kawasan mal… https://t.co/igy4Z5SKGr) https://t.co/SSbpcyE1ef","retweet"
"2016-07-06 18:56:58","ATCS_DIY : 18.56 WIB lalu lintas di jalan malioboro terpantau padat merayap. … https://t.co/0BclNJm7mc) https://t.co/2J6IJhDd1W","retweet"
"2016-07-06 18:57:09","RT @ATCS_DIY: 18.55 WIB peningkatan volume kendaraan di bundaran kleringan menuju kawasan malioboro, arus lalu lintas padat https://t.co/J7…","retweet"
"2016-07-06 18:57:11","18.55 WIB peningkatan volume kendaraan di bundaran kleringan menuju kawasan malioboro, lalin padat https://t.co/nV4y70Pqwf via @ATCS_DIY","retweet"
"2016-07-06 18:57:13","RT @ATCS_DIY: 18.56 WIB lalu lintas di jalan malioboro terpantau padat merayap. https://t.co/oh3qQEYtAt","retweet"
"2016-07-06 18:57:27","RT @ATCS_DIY: 18.55 WIB peningkatan volume kendaraan di bundaran kleringan menuju kawasan malioboro, arus lalu lintas padat https://t.co/J7…","retweet"
"2016-07-06 19:03:10","19.02 terjadi antrian cukup panjang di lampu merah simpang empat ring road jln Bantul","new"
"2016-07-06 19:05:12","RT @lalinjogja: 19.02 terjadi antrian cukup panjang di lampu merah simpang empat ring road jln Bantul","retweet"
"2016-07-06 19:09:44","RT @ATCS_DIY: 18.18 WIB terjadi penngkatan volume kendaraan di simpang sedayu dari arah barat ke timur (Purworejo ke DIY) https://t.co/nLcL…","retweet"
"2016-07-06 19:10:21","RT @ATCS_DIY: 18.27 lalu lintas di simpang tempel terpantau volume kendaraan cukup padat dari arah utara ke selatan (masuk DIY) https://t.c…","retweet"
"2016-07-06 19:13:37","RT @ATCS_DIY: 18.27 lalu lintas di simpang tempel terpantau volume kendaraan cukup padat dari arah utara ke selatan (masuk DIY) https://t.c…","retweet"
"2016-07-06 19:13:47","RT @ATCS_DIY: 18.18 WIB terjadi penngkatan volume kendaraan di simpang sedayu dari arah barat ke timur (Purworejo ke DIY) https://t.co/nLcL…","retweet"
"2016-07-06 19:14:18","RT @lalinjogja: 19.02 terjadi antrian cukup panjang di lampu merah simpang empat ring road jln Bantul","retweet"
"2016-07-06 19:26:55","Dilaporkan arus lalin dpn posko Al Aqsho padat merayap, pengalihan jalur dr solo menuju jogja lwt by pass. @kabarklaten @humaskabklaten","new"
"2016-07-06 19:28:11","RT @lalinjogja: 19.02 terjadi antrian cukup panjang di lampu merah simpang empat ring road jln Bantul","retweet"
"2016-07-06 19:28:23","RT @Pmiklaten: Dilaporkan arus lalin dpn posko Al Aqsho padat merayap, pengalihan jalur dr solo menuju jogja lwt by pass. @kabarklaten @hum…","retweet"
"2016-07-06 19:34:36","RT @ATCS_DIY: 18.18 WIB terjadi penngkatan volume kendaraan di simpang sedayu dari arah barat ke timur (Purworejo ke DIY) https://t.co/nLcL…","retweet"
"2016-07-06 19:40:46","19.28 Arus lalulintas di seputaran Kota Baru tersendat","new"
"2016-07-06 19:45:47","RT @ATCS_DIY: 18.18 WIB terjadi penngkatan volume kendaraan di simpang sedayu dari arah barat ke timur (Purworejo ke DIY) https://t.co/nLcL…","retweet"
"2016-07-06 20:00:28","20.00 WIB lalu lintas di jalan malioboro terpantau macet https://t.co/NT85AA6HLk","new"
"2016-07-06 20:03:17","RT @ATCS_DIY: 18.18 WIB terjadi penngkatan volume kendaraan di simpang sedayu dari arah barat ke timur (Purworejo ke DIY) https://t.co/nLcL…","retweet"
"2016-07-06 20:04:28","20.03 WIB lalu lintas di sekitar simpang tugu terpantau padat lancar https://t.co/jxAPfHs8Ro","new"
"2016-07-06 20:06:07","20.03 WIB lalu lintas di sekitar simpang tugu terpantau padat lancar ~ via @ATCS_DIY https://t.co/9H91x8GaKK","retweet"
"2016-07-06 20:06:32","20.05 WIB kondisi lalu lintas di KM 0 terpantau ramai lancar https://t.co/zMCrtOwCYg","new"
"2016-07-06 20:07:41","20.05 WIB kondisi lalu lintas di KM 0 terpantau ramai lancar ~ via @ATCS_DIY https://t.co/qPgywg4zbb","retweet"
"2016-07-06 20:08:33","20.00 WIB lalu lintas di jalan Malioboro terpantau macet ~ via @ATCS_DIY https://t.co/1nIPSncKWv","retweet"
"2016-07-06 20:09:29","20.00 WIB lalu lintas di jalan Malioboro terpantau pata merayap  ~ via @ATCS_DIY https://t.co/bt6xxuMdJf","retweet"
"2016-07-06 20:11:16","20.10 wib, kondisi lalin sp kids fun dari arah timur terpantau antrian kend cukup panjang https://t.co/DraMPyKwdT","new"
"2016-07-06 20:11:17","ATCS_DIY : 20.00 WIB lalu lintas di jalan malioboro terpantau macet … https://t.co/ZyHOS0D3VW) https://t.co/I4pmjeXsdg","retweet"
"2016-07-06 20:11:21","ATCS_DIY : 20.03 WIB lalu lintas di sekitar simpang tugu terpantau padat lancar … https://t.co/DGgz3cnMfH) https://t.co/L9FTqcU7uk","retweet"
"2016-07-06 20:11:26","ATCS_DIY : 20.05 WIB kondisi lalu lintas di KM 0 terpantau ramai lancar … https://t.co/FTqKSpzbPk) https://t.co/6DKbRUAOXE","retweet"
"2016-07-06 20:11:44","Skedar info tuk para pemudik, Arus lalin jogja - kebumen ramai lancar bgitu pula arus sebaliknya.","new"
"2016-07-06 20:13:08","RT @rasarab: Dari piyungan terpantau arah dari dari jogja ke wonosari rame lancar, sedang arah ke Jogja lancar","retweet"
"2016-07-06 20:14:20","RT @ATCS_DIY: 20.10 wib, kondisi lalin sp kids fun dari arah timur terpantau antrian kend cukup panjang https://t.co/DraMPyKwdT","retweet"
"2016-07-06 20:15:06","RT @ATCS_DIY: 20.10 wib, kondisi lalin sp kids fun dari arah timur terpantau antrian kend cukup panjang https://t.co/DraMPyKwdT","retweet"
"2016-07-06 20:15:46","20.05 WIB kondisi lalu lintas di KM 0 terpantau ramai lancar https://t.co/XVr7auoiPx l @ATCS_DIY","retweet"
"2016-07-06 20:17:36","RT @ATCS_DIY: 18.18 WIB terjadi penngkatan volume kendaraan di simpang sedayu dari arah barat ke timur (Purworejo ke DIY) https://t.co/nLcL…","retweet"
"2016-07-06 20:17:59","RT @ATCS_DIY: 18.27 lalu lintas di simpang tempel terpantau volume kendaraan cukup padat dari arah utara ke selatan (masuk DIY) https://t.c…","retweet"
"2016-07-06 20:18:21","RT @ATCS_DIY: 20.05 WIB kondisi lalu lintas di KM 0 terpantau ramai lancar https://t.co/zMCrtOwCYg","retweet"
"2016-07-06 20:21:16","RT @ATCS_DIY: 20.00 WIB lalu lintas di jalan malioboro terpantau macet https://t.co/NT85AA6HLk","retweet"
"2016-07-06 20:21:45","RT @ATCS_DIY: 20.03 WIB lalu lintas di sekitar simpang tugu terpantau padat lancar https://t.co/jxAPfHs8Ro","retweet"
"2016-07-06 20:29:08","ATCS_DIY : 20.10 wib, kondisi lalin sp kids fun dari arah timur terpantau antrian kend cuk… https://t.co/QLwAMX3uQl) https://t.co/bRAbnisIGY","retweet"
"2016-07-06 20:52:14","RT @ATCS_DIY: 18.18 WIB terjadi penngkatan volume kendaraan di simpang sedayu dari arah barat ke timur (Purworejo ke DIY) https://t.co/nLcL…","retweet"
"2016-07-06 20:52:50","RT @ATCS_DIY: 20.10 wib, kondisi lalin sp kids fun dari arah timur terpantau antrian kend cukup panjang https://t.co/DraMPyKwdT","retweet"
"2016-07-06 20:54:06","REALTIME NEWS: Lalu Lintas Aresa Tugu Jogja Ramai Lancar https://t.co/qqpaZhRjtr  .","new"
"2016-07-06 21:03:33","RT @infojogjakarta: REALTIME NEWS: Lalu Lintas Aresa Tugu Jogja Ramai Lancar https://t.co/qqpaZhRjtr  .","retweet"
"2016-07-06 21:22:08","RT @Jogja_Sun: 20.05 WIB kondisi lalu lintas di KM 0 terpantau ramai lancar https://t.co/XVr7auoiPx l @ATCS_DIY","retweet"
"2016-07-06 21:35:03","#jogja #update REALTIME NEWS: Lalu Lintas Aresa Tugu Jogja Ramai Lancar: Namun memang, kendaraan lebih ... https://t.co/eV4tzu9DcK #news","retweet"
"2016-07-06 22:49:41","Volume KBM dari arah Semarang/Jogja masuk Kartosuro ramai lancar. 22.40 #MudikSKH","new"
